sigle;session;section;mode;jour;heure_debut;heure_fin
ANL-2020;A26;C;P;2;08:30;11:20
ANL-2020;A26;D;P;2;12:30;15:20
ANL-2020;A26;G;P;3;08:30;11:20
ANL-2020;A26;M;P;4;12:30;15:20
ANL-2020;A26;Q;P;3;12:30;15:20
ANL-2020;A26;Z3;D;2;12:30;15:20
ANL-2020;A26;Z3A;D;2;12:30;15:20
ANL-2020;A26;Z3B;D;2;18:30;21:20
ANL-2020;A26;Z3C;D;2;18:30;21:20
ANL-2020;A26;Z3D;D;3;18:30;21:20
ANL-2020;E26;G;P;1;08:30;11:20
ANL-2020;E26;G;P;3;08:30;11:20
ANL-2020;E26;H1;H;1;15:30;18:20
ANL-2020;E26;H1;H;3;15:30;18:20
ANL-2020;E26;H2;H;1;15:30;18:20
ANL-2020;E26;H2;H;3;15:30;18:20
ANL-2020;E26;H3;H;1;18:30;21:20
ANL-2020;E26;H3;H;3;18:30;21:20
ANL-2020;E26;H4;H;1;18:30;21:20
ANL-2020;E26;H4;H;3;18:30;21:20
ANL-2020;E26;H5;H;2;15:30;18:20
ANL-2020;E26;H5;H;4;15:30;18:20
ANL-2020;E26;H6;H;2;18:30;21:20
ANL-2020;E26;H6;H;4;18:30;21:20
ANL-2020;E26;H10;H;1;18:30;21:20
ANL-2020;E26;H10;H;3;18:30;21:20
ANL-2020;E26;H11;H;2;15:30;18:20
ANL-2020;E26;H11;H;4;15:30;18:20
ANL-2020;E26;H8;H;1;08:30;11:20
ANL-2020;E26;H8;H;3;08:30;11:20
ANL-2020;E26;H9;H;1;18:30;21:20
ANL-2020;E26;H9;H;3;18:30;21:20
ANL-2020;E26;H12;H;2;15:30;18:20
ANL-2020;E26;H12;H;4;15:30;18:20
ANL-2020;H26;A;P;1;15:30;18:20
ANL-2020;H26;B;P;1;18:30;21:20
ANL-2020;H26;C;P;2;08:30;11:20
ANL-2020;H26;D;P;2;12:30;15:20
ANL-2020;H26;M;P;4;12:30;15:20
ANL-2020;H26;Z3;D;2;12:30;15:20
ANL-2020;H26;Z3A;D;2;12:30;15:20
ANL-2020;H26;Z3B;D;1;18:30;21:20
ANL-2020;H26;Z3C;D;1;18:30;21:20
ANL-2020;H26;Z3D;D;2;18:30;21:20
ANL-2020;H26;Z3E;D;3;18:30;21:20
ANL-2020;H26;Z3F;D;3;18:30;21:20
ANL-2020;A20;;;;;
ANL-2020;A21;;;;;
ANL-2020;A22;;;;;
ANL-2020;A23;;;;;
ANL-2020;A24;;;;;
ANL-2020;A27;;;;;
ANL-2020;A28;;;;;
ANL-2020;A29;;;;;
ANL-2020;A30;;;;;
ANL-2020;A31;;;;;
ANL-2020;E21;;;;;
ANL-2020;E22;;;;;
ANL-2020;E23;;;;;
ANL-2020;E24;;;;;
ANL-2020;E25;;;;;
ANL-2020;E27;;;;;
ANL-2020;E28;;;;;
ANL-2020;E29;;;;;
ANL-2020;E30;;;;;
ANL-2020;E31;;;;;
ANL-2020;H21;;;;;
ANL-2020;H22;;;;;
ANL-2020;H23;;;;;
ANL-2020;H24;;;;;
ANL-2020;H25;;;;;
ANL-2020;H27;;;;;
ANL-2020;H28;;;;;
ANL-2020;H29;;;;;
ANL-2020;H30;;;;;
ANL-2020;H31;;;;;
BIO-0150;A26;ZA;C;1;14:30;17:20
BIO-0150;E26;;;;;
BIO-0150;H26;ZA;C;1;15:30;18:20
BIO-0150;A20;;;;;
BIO-0150;A21;;;;;
BIO-0150;A22;;;;;
BIO-0150;A23;;;;;
BIO-0150;A24;;;;;
BIO-0150;A27;;;;;
BIO-0150;A28;;;;;
BIO-0150;A29;;;;;
BIO-0150;A30;;;;;
BIO-0150;A31;;;;;
BIO-0150;E21;;;;;
BIO-0150;E22;;;;;
BIO-0150;E23;;;;;
BIO-0150;E24;;;;;
BIO-0150;E25;;;;;
BIO-0150;E27;;;;;
BIO-0150;E28;;;;;
BIO-0150;E29;;;;;
BIO-0150;E30;;;;;
BIO-0150;E31;;;;;
BIO-0150;H21;;;;;
BIO-0150;H22;;;;;
BIO-0150;H23;;;;;
BIO-0150;H24;;;;;
BIO-0150;H25;;;;;
BIO-0150;H27;;;;;
BIO-0150;H28;;;;;
BIO-0150;H29;;;;;
BIO-0150;H30;;;;;
BIO-0150;H31;;;;;
BIO-1008;A26;A;P;1;13:30;17:20
BIO-1008;A26;A;P;3;11:30;12:20
BIO-1008;A26;A;P;5;10:30;12:20
BIO-1008;A26;B;P;2;13:30;17:20
BIO-1008;A26;B;P;3;11:30;12:20
BIO-1008;A26;B;P;5;10:30;12:20
BIO-1008;A26;C;P;3;11:30;12:20
BIO-1008;A26;C;P;3;13:30;17:20
BIO-1008;A26;C;P;5;10:30;12:20
BIO-1008;A26;D;P;3;11:30;12:20
BIO-1008;A26;D;P;4;13:30;17:20
BIO-1008;A26;D;P;5;10:30;12:20
BIO-1008;A25;A;P;1;13:30;17:20
BIO-1008;A25;A;P;2;08:30;10:20
BIO-1008;A25;A;P;5;10:30;12:20
BIO-1008;A25;B;P;2;08:30;10:20
BIO-1008;A25;B;P;2;13:30;17:20
BIO-1008;A25;B;P;5;10:30;12:20
BIO-1008;A25;C;P;2;08:30;10:20
BIO-1008;A25;C;P;3;13:30;17:20
BIO-1008;A25;C;P;5;10:30;12:20
BIO-1008;A25;D;P;2;08:30;10:20
BIO-1008;A25;D;P;4;13:30;17:20
BIO-1008;A25;D;P;5;10:30;12:20
BIO-1008;A24;A;P;1;13:30;17:20
BIO-1008;A24;A;P;2;08:30;10:20
BIO-1008;A24;A;P;5;10:30;12:20
BIO-1008;A24;B;P;2;08:30;10:20
BIO-1008;A24;B;P;2;13:30;17:20
BIO-1008;A24;B;P;5;10:30;12:20
BIO-1008;A24;C;P;2;08:30;10:20
BIO-1008;A24;C;P;3;13:30;17:20
BIO-1008;A24;C;P;5;10:30;12:20
BIO-1008;A24;D;P;2;08:30;10:20
BIO-1008;A24;D;P;4;13:30;17:20
BIO-1008;A24;D;P;5;10:30;12:20
BIO-1008;A20;;;;;
BIO-1008;A21;;;;;
BIO-1008;A22;;;;;
BIO-1008;A23;;;;;
BIO-1008;A27;;;;;
BIO-1008;A28;;;;;
BIO-1008;A29;;;;;
BIO-1008;A30;;;;;
BIO-1008;A31;;;;;
BIO-1904;A26;;;;;
BIO-1904;H26;;;;;
BIO-1904;A25;;;;;
BIO-1904;A20;;;;;
BIO-1904;A21;;;;;
BIO-1904;A22;;;;;
BIO-1904;A23;;;;;
BIO-1904;A24;;;;;
BIO-1904;A27;;;;;
BIO-1904;A28;;;;;
BIO-1904;A29;;;;;
BIO-1904;A30;;;;;
BIO-1904;A31;;;;;
BIO-1904;H21;;;;;
BIO-1904;H22;;;;;
BIO-1904;H23;;;;;
BIO-1904;H24;;;;;
BIO-1904;H25;;;;;
BIO-1904;H27;;;;;
BIO-1904;H28;;;;;
BIO-1904;H29;;;;;
BIO-1904;H30;;;;;
BIO-1904;H31;;;;;
CHM-0150;A26;A;P;3;18:30;21:20
CHM-0150;A26;B;P;3;08:30;11:20
CHM-0150;H26;A;P;3;18:30;21:20
CHM-0150;A25;A;P;3;18:30;21:20
CHM-0150;A25;B;P;3;08:30;11:20
CHM-0150;A25;C;P;3;13:30;16:20
CHM-0150;A20;;;;;
CHM-0150;A21;;;;;
CHM-0150;A22;;;;;
CHM-0150;A23;;;;;
CHM-0150;A24;;;;;
CHM-0150;A27;;;;;
CHM-0150;A28;;;;;
CHM-0150;A29;;;;;
CHM-0150;A30;;;;;
CHM-0150;A31;;;;;
CHM-0150;H21;;;;;
CHM-0150;H22;;;;;
CHM-0150;H23;;;;;
CHM-0150;H24;;;;;
CHM-0150;H25;;;;;
CHM-0150;H27;;;;;
CHM-0150;H28;;;;;
CHM-0150;H29;;;;;
CHM-0150;H30;;;;;
CHM-0150;H31;;;;;
CHM-0160;A26;A;P;2;09:30;12:20
CHM-0160;A26;A;P;5;09:00;11:50
CHM-0160;A26;B;P;2;09:30;12:20
CHM-0160;A26;B;P;5;13:00;15:50
CHM-0160;H26;A;P;2;09:30;12:20
CHM-0160;H26;A;P;5;09:00;11:50
CHM-0160;H26;B;P;2;09:30;12:20
CHM-0160;H26;B;P;5;13:00;15:50
CHM-0160;A25;A;P;2;09:30;12:20
CHM-0160;A25;A;P;5;09:00;11:50
CHM-0160;A25;B;P;2;09:30;12:20
CHM-0160;A25;B;P;5;13:00;15:50
CHM-0160;A20;;;;;
CHM-0160;A21;;;;;
CHM-0160;A22;;;;;
CHM-0160;A23;;;;;
CHM-0160;A24;;;;;
CHM-0160;A27;;;;;
CHM-0160;A28;;;;;
CHM-0160;A29;;;;;
CHM-0160;A30;;;;;
CHM-0160;A31;;;;;
CHM-0160;H21;;;;;
CHM-0160;H22;;;;;
CHM-0160;H23;;;;;
CHM-0160;H24;;;;;
CHM-0160;H25;;;;;
CHM-0160;H27;;;;;
CHM-0160;H28;;;;;
CHM-0160;H29;;;;;
CHM-0160;H30;;;;;
CHM-0160;H31;;;;;
CHM-0170;A26;A;P;2;15:30;18:20
CHM-0170;A26;A;P;6;09:00;11:50
CHM-0170;H26;A;P;2;15:30;18:20
CHM-0170;H26;A;P;6;09:00;11:50
CHM-0170;A25;A;P;2;15:30;18:20
CHM-0170;A25;A;P;6;09:00;11:50
CHM-0170;A20;;;;;
CHM-0170;A21;;;;;
CHM-0170;A22;;;;;
CHM-0170;A23;;;;;
CHM-0170;A24;;;;;
CHM-0170;A27;;;;;
CHM-0170;A28;;;;;
CHM-0170;A29;;;;;
CHM-0170;A30;;;;;
CHM-0170;A31;;;;;
CHM-0170;H21;;;;;
CHM-0170;H22;;;;;
CHM-0170;H23;;;;;
CHM-0170;H24;;;;;
CHM-0170;H25;;;;;
CHM-0170;H27;;;;;
CHM-0170;H28;;;;;
CHM-0170;H29;;;;;
CHM-0170;H30;;;;;
CHM-0170;H31;;;;;
CHM-0250;H26;A;P;4;18:30;21:20
CHM-0250;H25;A;P;4;18:30;21:20
CHM-0250;H21;;;;;
CHM-0250;H22;;;;;
CHM-0250;H23;;;;;
CHM-0250;H24;;;;;
CHM-0250;H27;;;;;
CHM-0250;H28;;;;;
CHM-0250;H29;;;;;
CHM-0250;H30;;;;;
CHM-0250;H31;;;;;
CHM-1903;A26;A;P;3;10:30;12:20
CHM-1903;A26;A;P;5;10:30;12:20
CHM-1903;A25;A;P;3;10:30;12:20
CHM-1903;A25;A;P;5;10:30;12:20
CHM-1903;A24;A;P;3;10:30;12:20
CHM-1903;A24;A;P;5;10:30;12:20
CHM-1903;A20;;;;;
CHM-1903;A21;;;;;
CHM-1903;A22;;;;;
CHM-1903;A23;;;;;
CHM-1903;A27;;;;;
CHM-1903;A28;;;;;
CHM-1903;A29;;;;;
CHM-1903;A30;;;;;
CHM-1903;A31;;;;;
DDU-2000;A26;A;P;1;09:00;11:50
DDU-2000;E26;;;;;
DDU-2000;H26;;;;;
DDU-2000;A20;;;;;
DDU-2000;A21;;;;;
DDU-2000;A22;;;;;
DDU-2000;A23;;;;;
DDU-2000;A24;;;;;
DDU-2000;A27;;;;;
DDU-2000;A28;;;;;
DDU-2000;A29;;;;;
DDU-2000;A30;;;;;
DDU-2000;A31;;;;;
DDU-2000;E21;;;;;
DDU-2000;E22;;;;;
DDU-2000;E23;;;;;
DDU-2000;E24;;;;;
DDU-2000;E25;;;;;
DDU-2000;E27;;;;;
DDU-2000;E28;;;;;
DDU-2000;E29;;;;;
DDU-2000;E30;;;;;
DDU-2000;E31;;;;;
DDU-2000;H21;;;;;
DDU-2000;H22;;;;;
DDU-2000;H23;;;;;
DDU-2000;H24;;;;;
DDU-2000;H25;;;;;
DDU-2000;H27;;;;;
DDU-2000;H28;;;;;
DDU-2000;H29;;;;;
DDU-2000;H30;;;;;
DDU-2000;H31;;;;;
DRT-1721;H26;;;;;
DRT-1721;H25;;;;;
DRT-1721;H21;;;;;
DRT-1721;H22;;;;;
DRT-1721;H23;;;;;
DRT-1721;H24;;;;;
DRT-1721;H27;;;;;
DRT-1721;H28;;;;;
DRT-1721;H29;;;;;
DRT-1721;H30;;;;;
DRT-1721;H31;;;;;
ECN-4901;E26;;;;;
ECN-4901;H26;;;;;
ECN-4901;E21;;;;;
ECN-4901;E22;;;;;
ECN-4901;E23;;;;;
ECN-4901;E24;;;;;
ECN-4901;E25;;;;;
ECN-4901;E27;;;;;
ECN-4901;E28;;;;;
ECN-4901;E29;;;;;
ECN-4901;E30;;;;;
ECN-4901;E31;;;;;
ECN-4901;H21;;;;;
ECN-4901;H22;;;;;
ECN-4901;H23;;;;;
ECN-4901;H24;;;;;
ECN-4901;H25;;;;;
ECN-4901;H27;;;;;
ECN-4901;H28;;;;;
ECN-4901;H29;;;;;
ECN-4901;H30;;;;;
ECN-4901;H31;;;;;
ENT-1000;A26;A;P;4;09:00;11:50
ENT-1000;A26;B;P;4;12:30;15:20
ENT-1000;E26;;;;;
ENT-1000;H26;A;P;4;09:00;11:50
ENT-1000;H26;B;P;4;12:30;15:20
ENT-1000;A20;;;;;
ENT-1000;A21;;;;;
ENT-1000;A22;;;;;
ENT-1000;A23;;;;;
ENT-1000;A24;;;;;
ENT-1000;A27;;;;;
ENT-1000;A28;;;;;
ENT-1000;A29;;;;;
ENT-1000;A30;;;;;
ENT-1000;A31;;;;;
ENT-1000;E21;;;;;
ENT-1000;E22;;;;;
ENT-1000;E23;;;;;
ENT-1000;E24;;;;;
ENT-1000;E25;;;;;
ENT-1000;E27;;;;;
ENT-1000;E28;;;;;
ENT-1000;E29;;;;;
ENT-1000;E30;;;;;
ENT-1000;E31;;;;;
ENT-1000;H21;;;;;
ENT-1000;H22;;;;;
ENT-1000;H23;;;;;
ENT-1000;H24;;;;;
ENT-1000;H25;;;;;
ENT-1000;H27;;;;;
ENT-1000;H28;;;;;
ENT-1000;H29;;;;;
ENT-1000;H30;;;;;
ENT-1000;H31;;;;;
ENT-4020;A26;A;P;2;17:30;20:20
ENT-4020;A26;A;P;4;17:30;19:20
ENT-4020;H26;A;P;2;17:30;20:20
ENT-4020;H26;A;P;4;17:30;19:20
ENT-4020;A25;A;P;2;17:30;20:20
ENT-4020;A25;A;P;4;17:30;19:20
ENT-4020;A20;;;;;
ENT-4020;A21;;;;;
ENT-4020;A22;;;;;
ENT-4020;A23;;;;;
ENT-4020;A24;;;;;
ENT-4020;A27;;;;;
ENT-4020;A28;;;;;
ENT-4020;A29;;;;;
ENT-4020;A30;;;;;
ENT-4020;A31;;;;;
ENT-4020;H21;;;;;
ENT-4020;H22;;;;;
ENT-4020;H23;;;;;
ENT-4020;H24;;;;;
ENT-4020;H25;;;;;
ENT-4020;H27;;;;;
ENT-4020;H28;;;;;
ENT-4020;H29;;;;;
ENT-4020;H30;;;;;
ENT-4020;H31;;;;;
FLS-2093;A26;Z3;D;4;18:30;21:20
FLS-2093;E26;;;;;
FLS-2093;H26;Z3;D;4;18:30;21:20
FLS-2093;A20;;;;;
FLS-2093;A21;;;;;
FLS-2093;A22;;;;;
FLS-2093;A23;;;;;
FLS-2093;A24;;;;;
FLS-2093;A27;;;;;
FLS-2093;A28;;;;;
FLS-2093;A29;;;;;
FLS-2093;A30;;;;;
FLS-2093;A31;;;;;
FLS-2093;E21;;;;;
FLS-2093;E22;;;;;
FLS-2093;E23;;;;;
FLS-2093;E24;;;;;
FLS-2093;E25;;;;;
FLS-2093;E27;;;;;
FLS-2093;E28;;;;;
FLS-2093;E29;;;;;
FLS-2093;E30;;;;;
FLS-2093;E31;;;;;
FLS-2093;H21;;;;;
FLS-2093;H22;;;;;
FLS-2093;H23;;;;;
FLS-2093;H24;;;;;
FLS-2093;H25;;;;;
FLS-2093;H27;;;;;
FLS-2093;H28;;;;;
FLS-2093;H29;;;;;
FLS-2093;H30;;;;;
FLS-2093;H31;;;;;
FRN-1914;A26;F;P;2;18:30;21:20
FRN-1914;E26;;;;;
FRN-1914;H26;F;P;2;18:30;21:20
FRN-1914;A20;;;;;
FRN-1914;A21;;;;;
FRN-1914;A22;;;;;
FRN-1914;A23;;;;;
FRN-1914;A24;;;;;
FRN-1914;A27;;;;;
FRN-1914;A28;;;;;
FRN-1914;A29;;;;;
FRN-1914;A30;;;;;
FRN-1914;A31;;;;;
FRN-1914;E21;;;;;
FRN-1914;E22;;;;;
FRN-1914;E23;;;;;
FRN-1914;E24;;;;;
FRN-1914;E25;;;;;
FRN-1914;E27;;;;;
FRN-1914;E28;;;;;
FRN-1914;E29;;;;;
FRN-1914;E30;;;;;
FRN-1914;E31;;;;;
FRN-1914;H21;;;;;
FRN-1914;H22;;;;;
FRN-1914;H23;;;;;
FRN-1914;H24;;;;;
FRN-1914;H25;;;;;
FRN-1914;H27;;;;;
FRN-1914;H28;;;;;
FRN-1914;H29;;;;;
FRN-1914;H30;;;;;
FRN-1914;H31;;;;;
GAE-3006;A25;;;;;
GAE-3006;A24;;;;;
GAE-3006;A20;;;;;
GAE-3006;A21;;;;;
GAE-3006;A22;;;;;
GAE-3006;A23;;;;;
GAE-3006;A26;;;;;
GAE-3006;A27;;;;;
GAE-3006;A28;;;;;
GAE-3006;A29;;;;;
GAE-3006;A30;;;;;
GAE-3007;A25;;;;;
GAE-3007;A24;;;;;
GAE-3007;A20;;;;;
GAE-3007;A21;;;;;
GAE-3007;A22;;;;;
GAE-3007;A23;;;;;
GAE-3007;A26;;;;;
GAE-3007;A27;;;;;
GAE-3007;A28;;;;;
GAE-3007;A29;;;;;
GAE-3007;A30;;;;;
GAE-3008;A26;A;P;2;10:30;12:20
GAE-3008;A26;A;P;3;08:30;11:20
GAE-3008;A25;A;P;2;10:30;12:20
GAE-3008;A25;A;P;3;08:30;11:20
GAE-3008;A24;A;P;2;10:30;12:20
GAE-3008;A24;A;P;3;08:30;11:20
GAE-3008;A20;;;;;
GAE-3008;A21;;;;;
GAE-3008;A22;;;;;
GAE-3008;A23;;;;;
GAE-3008;A27;;;;;
GAE-3008;A28;;;;;
GAE-3008;A29;;;;;
GAE-3008;A30;;;;;
GAE-3008;A31;;;;;
GCI-1000;A26;A;P;4;08:30;11:20
GCI-1000;A26;A;P;5;12:30;13:20
GCI-1000;A25;A;P;4;08:30;11:20
GCI-1000;A25;A;P;5;12:30;13:20
GCI-1000;A24;A;P;4;08:30;11:20
GCI-1000;A24;A;P;5;12:30;13:20
GCI-1000;A20;;;;;
GCI-1000;A21;;;;;
GCI-1000;A22;;;;;
GCI-1000;A23;;;;;
GCI-1000;A27;;;;;
GCI-1000;A28;;;;;
GCI-1000;A29;;;;;
GCI-1000;A30;;;;;
GCI-1000;A31;;;;;
GCI-1003;A26;A;P;1;13:30;15:20
GCI-1003;A26;A;P;2;15:30;16:20
GCI-1003;A25;A;P;1;13:30;15:20
GCI-1003;A25;A;P;2;15:30;16:20
GCI-1003;A24;A;P;1;13:30;15:20
GCI-1003;A24;A;P;2;15:30;16:20
GCI-1003;A20;;;;;
GCI-1003;A21;;;;;
GCI-1003;A22;;;;;
GCI-1003;A23;;;;;
GCI-1003;A27;;;;;
GCI-1003;A28;;;;;
GCI-1003;A29;;;;;
GCI-1003;A30;;;;;
GCI-1003;A31;;;;;
GCI-1004;H26;A;P;3;08:30;10:20
GCI-1004;H26;A;P;4;13:30;14:20
GCI-1004;H26;A;P;4;14:30;15:20
GCI-1004;H25;A;P;3;08:30;10:20
GCI-1004;H25;A;P;4;13:30;14:20
GCI-1004;H25;A;P;4;14:30;15:20
GCI-1004;H21;;;;;
GCI-1004;H22;;;;;
GCI-1004;H23;;;;;
GCI-1004;H24;;;;;
GCI-1004;H27;;;;;
GCI-1004;H28;;;;;
GCI-1004;H29;;;;;
GCI-1004;H30;;;;;
GCI-1004;H31;;;;;
GCI-1007;A26;A;P;3;12:30;15:20
GCI-1007;A26;A;P;5;12:30;15:20
GCI-1007;A26;B;P;5;08:30;11:20
GCI-1007;A26;B;P;5;12:30;15:20
GCI-1007;A25;A;P;3;12:30;15:20
GCI-1007;A25;A;P;5;12:30;15:20
GCI-1007;A25;B;P;5;08:30;11:20
GCI-1007;A25;B;P;5;12:30;15:20
GCI-1007;A24;A;P;3;12:30;15:20
GCI-1007;A24;A;P;5;12:30;15:20
GCI-1007;A24;B;P;5;08:30;11:20
GCI-1007;A24;B;P;5;12:30;15:20
GCI-1007;A20;;;;;
GCI-1007;A21;;;;;
GCI-1007;A22;;;;;
GCI-1007;A23;;;;;
GCI-1007;A27;;;;;
GCI-1007;A28;;;;;
GCI-1007;A29;;;;;
GCI-1007;A30;;;;;
GCI-1007;A31;;;;;
GCI-1010;A26;A;P;1;08:30;11:20
GCI-1010;A26;A;P;2;13:30;15:20
GCI-1010;A26;B;P;1;08:30;11:20
GCI-1010;A26;B;P;2;15:30;17:20
GCI-1010;A20;;;;;
GCI-1010;A21;;;;;
GCI-1010;A22;;;;;
GCI-1010;A23;;;;;
GCI-1010;A24;;;;;
GCI-1010;A27;;;;;
GCI-1010;A28;;;;;
GCI-1010;A29;;;;;
GCI-1010;A30;;;;;
GCI-1010;A31;;;;;
GCI-1900;H26;A;P;2;08:30;10:20
GCI-1900;H26;A;P;4;15:30;18:20
GCI-1900;H25;A;P;2;08:30;10:20
GCI-1900;H25;A;P;4;15:30;18:20
GCI-1900;H21;;;;;
GCI-1900;H22;;;;;
GCI-1900;H23;;;;;
GCI-1900;H24;;;;;
GCI-1900;H27;;;;;
GCI-1900;H28;;;;;
GCI-1900;H29;;;;;
GCI-1900;H30;;;;;
GCI-1900;H31;;;;;
GCI-2008;A26;A;P;1;15:30;17:20
GCI-2008;A26;A;P;2;13:30;15:20
GCI-2008;A25;A;P;1;15:30;17:20
GCI-2008;A25;A;P;2;13:30;15:20
GCI-2008;A24;A;P;1;15:30;17:20
GCI-2008;A24;A;P;2;13:30;15:20
GCI-2008;A20;;;;;
GCI-2008;A21;;;;;
GCI-2008;A22;;;;;
GCI-2008;A23;;;;;
GCI-2008;A27;;;;;
GCI-2008;A28;;;;;
GCI-2008;A29;;;;;
GCI-2008;A30;;;;;
GCI-2008;A31;;;;;
GCI-2009;A26;A;P;2;11:30;12:20
GCI-2009;A26;A;P;4;12:30;15:20
GCI-2009;A25;A;P;2;11:30;12:20
GCI-2009;A25;A;P;4;12:30;15:20
GCI-2009;A24;A;P;2;11:30;12:20
GCI-2009;A24;A;P;4;12:30;15:20
GCI-2009;A20;;;;;
GCI-2009;A21;;;;;
GCI-2009;A22;;;;;
GCI-2009;A23;;;;;
GCI-2009;A27;;;;;
GCI-2009;A28;;;;;
GCI-2009;A29;;;;;
GCI-2009;A30;;;;;
GCI-2009;A31;;;;;
GCI-2010;H26;A;P;5;08:30;11:20
GCI-2010;H26;A;P;5;09:00;11:50
GCI-2010;H26;B;P;5;11:30;14:20
GCI-2010;H26;B;P;5;12:00;14:50
GCI-2010;H25;A;P;5;08:30;11:20
GCI-2010;H25;A;P;5;09:00;11:50
GCI-2010;H25;B;P;5;11:30;14:20
GCI-2010;H25;B;P;5;12:00;14:50
GCI-2010;H21;;;;;
GCI-2010;H22;;;;;
GCI-2010;H23;;;;;
GCI-2010;H24;;;;;
GCI-2010;H27;;;;;
GCI-2010;H28;;;;;
GCI-2010;H29;;;;;
GCI-2010;H30;;;;;
GCI-2010;H31;;;;;
GCI-2012;A26;A;P;1;11:30;12:20
GCI-2012;A26;A;P;4;12:30;15:20
GCI-2012;A25;A;P;1;11:30;12:20
GCI-2012;A25;A;P;4;12:30;15:20
GCI-2012;A24;A;P;1;11:30;12:20
GCI-2012;A24;A;P;4;12:30;15:20
GCI-2012;A20;;;;;
GCI-2012;A21;;;;;
GCI-2012;A22;;;;;
GCI-2012;A23;;;;;
GCI-2012;A27;;;;;
GCI-2012;A28;;;;;
GCI-2012;A29;;;;;
GCI-2012;A30;;;;;
GCI-2012;A31;;;;;
GCI-3001;A26;H;H;1;12:30;15:20
GCI-3001;A25;H;H;1;12:30;15:20
GCI-3001;A24;H;H;1;12:30;15:20
GCI-3001;A20;;;;;
GCI-3001;A21;;;;;
GCI-3001;A22;;;;;
GCI-3001;A23;;;;;
GCI-3001;A27;;;;;
GCI-3001;A28;;;;;
GCI-3001;A29;;;;;
GCI-3001;A30;;;;;
GCI-3001;A31;;;;;
GCI-3101;H26;A;P;4;13:30;16:20
GCI-3101;H25;A;P;4;13:30;16:20
GCI-3101;H21;;;;;
GCI-3101;H22;;;;;
GCI-3101;H23;;;;;
GCI-3101;H24;;;;;
GCI-3101;H27;;;;;
GCI-3101;H28;;;;;
GCI-3101;H29;;;;;
GCI-3101;H30;;;;;
GCI-3101;H31;;;;;
GCI-4201;H26;A;P;1;12:30;15:20
GCI-4201;H25;A;P;1;12:30;15:20
GCI-4201;H21;;;;;
GCI-4201;H22;;;;;
GCI-4201;H23;;;;;
GCI-4201;H24;;;;;
GCI-4201;H27;;;;;
GCI-4201;H28;;;;;
GCI-4201;H29;;;;;
GCI-4201;H30;;;;;
GCI-4201;H31;;;;;
GCI-4301;A26;A;P;1;08:30;11:20
GCI-4301;A26;A;P;3;11:30;12:20
GCI-4301;A25;A;P;1;08:30;11:20
GCI-4301;A25;A;P;3;11:30;12:20
GCI-4301;A24;A;P;1;08:30;11:20
GCI-4301;A24;A;P;3;11:30;12:20
GCI-4301;A20;;;;;
GCI-4301;A21;;;;;
GCI-4301;A22;;;;;
GCI-4301;A23;;;;;
GCI-4301;A27;;;;;
GCI-4301;A28;;;;;
GCI-4301;A29;;;;;
GCI-4301;A30;;;;;
GCI-4301;A31;;;;;
GEX-1000;H26;A;P;1;10:30;12:20
GEX-1000;H26;A;P;3;08:30;10:20
GEX-1000;H25;A;P;1;10:30;12:20
GEX-1000;H25;A;P;3;08:30;10:20
GEX-1000;H21;;;;;
GEX-1000;H22;;;;;
GEX-1000;H23;;;;;
GEX-1000;H24;;;;;
GEX-1000;H27;;;;;
GEX-1000;H28;;;;;
GEX-1000;H29;;;;;
GEX-1000;H30;;;;;
GEX-1000;H31;;;;;
GEX-1002;A26;A;P;1;10:30;12:20
GEX-1002;A25;A;P;1;10:30;12:20
GEX-1002;A24;A;P;1;10:30;12:20
GEX-1002;A20;;;;;
GEX-1002;A21;;;;;
GEX-1002;A22;;;;;
GEX-1002;A23;;;;;
GEX-1002;A27;;;;;
GEX-1002;A28;;;;;
GEX-1002;A29;;;;;
GEX-1002;A30;;;;;
GEX-1002;A31;;;;;
GEX-1580;A26;;;;;
GEX-1580;E26;;;;;
GEX-1580;H26;;;;;
GEX-1580;A20;;;;;
GEX-1580;A21;;;;;
GEX-1580;A22;;;;;
GEX-1580;A23;;;;;
GEX-1580;A24;;;;;
GEX-1580;A27;;;;;
GEX-1580;A28;;;;;
GEX-1580;A29;;;;;
GEX-1580;A30;;;;;
GEX-1580;A31;;;;;
GEX-1580;E21;;;;;
GEX-1580;E22;;;;;
GEX-1580;E23;;;;;
GEX-1580;E24;;;;;
GEX-1580;E25;;;;;
GEX-1580;E27;;;;;
GEX-1580;E28;;;;;
GEX-1580;E29;;;;;
GEX-1580;E30;;;;;
GEX-1580;E31;;;;;
GEX-1580;H21;;;;;
GEX-1580;H22;;;;;
GEX-1580;H23;;;;;
GEX-1580;H24;;;;;
GEX-1580;H25;;;;;
GEX-1580;H27;;;;;
GEX-1580;H28;;;;;
GEX-1580;H29;;;;;
GEX-1580;H30;;;;;
GEX-1580;H31;;;;;
GEX-2001;H26;A;P;5;08:30;11:20
GEX-2001;H25;A;P;5;08:30;11:20
GEX-2001;H21;;;;;
GEX-2001;H22;;;;;
GEX-2001;H23;;;;;
GEX-2001;H24;;;;;
GEX-2001;H27;;;;;
GEX-2001;H28;;;;;
GEX-2001;H29;;;;;
GEX-2001;H30;;;;;
GEX-2001;H31;;;;;
GEX-2003;A26;A;P;3;12:30;14:20
GEX-2003;A26;A;P;4;08:30;10:20
GEX-2003;A25;A;P;3;12:30;14:20
GEX-2003;A25;A;P;4;08:30;10:20
GEX-2003;A24;A;P;3;12:30;14:20
GEX-2003;A24;A;P;4;08:30;10:20
GEX-2003;A20;;;;;
GEX-2003;A21;;;;;
GEX-2003;A22;;;;;
GEX-2003;A23;;;;;
GEX-2003;A27;;;;;
GEX-2003;A28;;;;;
GEX-2003;A29;;;;;
GEX-2003;A30;;;;;
GEX-2003;A31;;;;;
GEX-2004;H26;A;P;2;09:30;11:20
GEX-2004;H26;A;P;4;09:30;11:20
GEX-2004;H25;A;P;2;09:30;11:20
GEX-2004;H25;A;P;4;09:30;11:20
GEX-2004;H21;;;;;
GEX-2004;H22;;;;;
GEX-2004;H23;;;;;
GEX-2004;H24;;;;;
GEX-2004;H27;;;;;
GEX-2004;H28;;;;;
GEX-2004;H29;;;;;
GEX-2004;H30;;;;;
GEX-2004;H31;;;;;
GEX-3001;H26;A;P;2;13:30;16:20
GEX-3001;H25;A;P;2;13:30;15:20
GEX-3001;H25;A;P;3;13:30;15:20
GEX-3001;H21;;;;;
GEX-3001;H22;;;;;
GEX-3001;H23;;;;;
GEX-3001;H24;;;;;
GEX-3001;H27;;;;;
GEX-3001;H28;;;;;
GEX-3001;H29;;;;;
GEX-3001;H30;;;;;
GEX-3001;H31;;;;;
GEX-3333;A26;A;P;2;12:30;13:20
GEX-3333;A26;A;P;5;08:30;11:20
GEX-3333;A25;A;P;2;12:30;13:20
GEX-3333;A25;A;P;5;08:30;11:20
GEX-3333;A24;A;P;1;11:30;12:20
GEX-3333;A24;A;P;5;08:30;11:20
GEX-3333;A20;;;;;
GEX-3333;A21;;;;;
GEX-3333;A22;;;;;
GEX-3333;A23;;;;;
GEX-3333;A27;;;;;
GEX-3333;A28;;;;;
GEX-3333;A29;;;;;
GEX-3333;A30;;;;;
GEX-3333;A31;;;;;
GEX-3335;H26;A;P;1;11:30;12:20
GEX-3335;H26;A;P;3;08:30;11:20
GEX-3335;H25;A;P;1;11:30;12:20
GEX-3335;H25;A;P;3;08:30;11:20
GEX-3335;H21;;;;;
GEX-3335;H22;;;;;
GEX-3335;H23;;;;;
GEX-3335;H24;;;;;
GEX-3335;H27;;;;;
GEX-3335;H28;;;;;
GEX-3335;H29;;;;;
GEX-3335;H30;;;;;
GEX-3335;H31;;;;;
GEX-3500;A26;A;P;3;13:30;15:20
GEX-3500;A25;A;P;3;14:30;17:20
GEX-3500;A24;A;P;3;13:30;16:20
GEX-3500;A20;;;;;
GEX-3500;A21;;;;;
GEX-3500;A22;;;;;
GEX-3500;A23;;;;;
GEX-3500;A27;;;;;
GEX-3500;A28;;;;;
GEX-3500;A29;;;;;
GEX-3500;A30;;;;;
GEX-3500;A31;;;;;
GEX-3502;H25;A;P;5;13:30;16:20
GEX-3502;H24;A;P;5;13:30;16:20
GEX-3502;H21;;;;;
GEX-3502;H22;;;;;
GEX-3502;H23;;;;;
GEX-3502;H26;;;;;
GEX-3502;H27;;;;;
GEX-3502;H28;;;;;
GEX-3502;H29;;;;;
GEX-3502;H30;;;;;
GEX-4008;H26;A;P;3;13:30;16:20
GEX-4008;H25;A;P;3;13:30;16:20
GEX-4008;H21;;;;;
GEX-4008;H22;;;;;
GEX-4008;H23;;;;;
GEX-4008;H24;;;;;
GEX-4008;H27;;;;;
GEX-4008;H28;;;;;
GEX-4008;H29;;;;;
GEX-4008;H30;;;;;
GEX-4008;H31;;;;;
GGL-2600;H26;ZA;C;3;12:30;15:20
GGL-2600;H26;ZA;C;4;10:30;12:20
GGL-2600;H25;ZA;C;3;12:30;15:20
GGL-2600;H25;ZA;C;4;10:30;12:20
GGL-2600;H21;;;;;
GGL-2600;H22;;;;;
GGL-2600;H23;;;;;
GGL-2600;H24;;;;;
GGL-2600;H27;;;;;
GGL-2600;H28;;;;;
GGL-2600;H29;;;;;
GGL-2600;H30;;;;;
GGL-2600;H31;;;;;
GGL-2601;H26;Z3;D;1;08:30;11:20
GGL-2601;H26;Z3;D;4;08:30;10:20
GGL-2601;H25;Z3;D;1;08:30;11:20
GGL-2601;H25;Z3;D;4;08:30;10:20
GGL-2601;H21;;;;;
GGL-2601;H22;;;;;
GGL-2601;H23;;;;;
GGL-2601;H24;;;;;
GGL-2601;H27;;;;;
GGL-2601;H28;;;;;
GGL-2601;H29;;;;;
GGL-2601;H30;;;;;
GGL-2601;H31;;;;;
GGL-2609;A26;A;P;1;15:30;16:20
GGL-2609;A26;A;P;3;12:30;15:20
GGL-2609;A25;A;P;1;15:30;16:20
GGL-2609;A25;A;P;3;08:30;11:20
GGL-2609;A24;A;P;1;15:30;16:20
GGL-2609;A24;A;P;3;08:30;11:20
GGL-2609;A20;;;;;
GGL-2609;A21;;;;;
GGL-2609;A22;;;;;
GGL-2609;A23;;;;;
GGL-2609;A27;;;;;
GGL-2609;A28;;;;;
GGL-2609;A29;;;;;
GGL-2609;A30;;;;;
GGL-2609;A31;;;;;
GGL-4001;A26;A;P;4;08:30;11:20
GGL-4001;A25;A;P;4;08:30;11:20
GGL-4001;A24;A;P;4;08:30;11:20
GGL-4001;A20;;;;;
GGL-4001;A21;;;;;
GGL-4001;A22;;;;;
GGL-4001;A23;;;;;
GGL-4001;A27;;;;;
GGL-4001;A28;;;;;
GGL-4001;A29;;;;;
GGL-4001;A30;;;;;
GGL-4001;A31;;;;;
GGR-1006;A26;A;P;4;09:00;11:50
GGR-1006;H26;;;;;
GGR-1006;A25;A;P;4;09:00;11:50
GGR-1006;A20;;;;;
GGR-1006;A21;;;;;
GGR-1006;A22;;;;;
GGR-1006;A23;;;;;
GGR-1006;A24;;;;;
GGR-1006;A27;;;;;
GGR-1006;A28;;;;;
GGR-1006;A29;;;;;
GGR-1006;A30;;;;;
GGR-1006;A31;;;;;
GGR-1006;H21;;;;;
GGR-1006;H22;;;;;
GGR-1006;H23;;;;;
GGR-1006;H24;;;;;
GGR-1006;H25;;;;;
GGR-1006;H27;;;;;
GGR-1006;H28;;;;;
GGR-1006;H29;;;;;
GGR-1006;H30;;;;;
GGR-1006;H31;;;;;
GGR-2307;H26;A;P;3;09:00;11:50
GGR-2307;H25;A;P;3;09:00;11:50
GGR-2307;H21;;;;;
GGR-2307;H22;;;;;
GGR-2307;H23;;;;;
GGR-2307;H24;;;;;
GGR-2307;H27;;;;;
GGR-2307;H28;;;;;
GGR-2307;H29;;;;;
GGR-2307;H30;;;;;
GGR-2307;H31;;;;;
GMC-3009;A26;;;;;
GMC-3009;A25;;;;;
GMC-3009;A24;;;;;
GMC-3009;A20;;;;;
GMC-3009;A21;;;;;
GMC-3009;A22;;;;;
GMC-3009;A23;;;;;
GMC-3009;A27;;;;;
GMC-3009;A28;;;;;
GMC-3009;A29;;;;;
GMC-3009;A30;;;;;
GMC-3009;A31;;;;;
GMN-2005;A26;A;P;4;08:30;11:20
GMN-2005;A25;A;P;4;08:30;11:20
GMN-2005;A24;A;P;4;08:30;11:20
GMN-2005;A20;;;;;
GMN-2005;A21;;;;;
GMN-2005;A22;;;;;
GMN-2005;A23;;;;;
GMN-2005;A27;;;;;
GMN-2005;A28;;;;;
GMN-2005;A29;;;;;
GMN-2005;A30;;;;;
GMN-2005;A31;;;;;
GMN-2901;H26;Z3;D;2;10:30;12:20
GMN-2901;H25;Z3;D;2;10:30;12:20
GMN-2901;H21;;;;;
GMN-2901;H22;;;;;
GMN-2901;H23;;;;;
GMN-2901;H24;;;;;
GMN-2901;H27;;;;;
GMN-2901;H28;;;;;
GMN-2901;H29;;;;;
GMN-2901;H30;;;;;
GMN-2901;H31;;;;;
GMN-2902;H26;Z3;D;2;10:30;12:20
GMN-2902;H25;Z3;D;2;10:30;12:20
GMN-2902;H21;;;;;
GMN-2902;H22;;;;;
GMN-2902;H23;;;;;
GMN-2902;H24;;;;;
GMN-2902;H27;;;;;
GMN-2902;H28;;;;;
GMN-2902;H29;;;;;
GMN-2902;H30;;;;;
GMN-2902;H31;;;;;
GSC-1000;A26;A;P;1;12:30;15:20
GSC-1000;H26;Z3;D;2;18:30;21:20
GSC-1000;A25;A;P;1;12:30;15:20
GSC-1000;A20;;;;;
GSC-1000;A21;;;;;
GSC-1000;A22;;;;;
GSC-1000;A23;;;;;
GSC-1000;A24;;;;;
GSC-1000;A27;;;;;
GSC-1000;A28;;;;;
GSC-1000;A29;;;;;
GSC-1000;A30;;;;;
GSC-1000;A31;;;;;
GSC-1000;H21;;;;;
GSC-1000;H22;;;;;
GSC-1000;H23;;;;;
GSC-1000;H24;;;;;
GSC-1000;H25;;;;;
GSC-1000;H27;;;;;
GSC-1000;H28;;;;;
GSC-1000;H29;;;;;
GSC-1000;H30;;;;;
GSC-1000;H31;;;;;
IFT-1903;A26;A;P;1;12:30;14:20
IFT-1903;A26;A;P;5;08:30;10:20
IFT-1903;A26;B;P;1;14:30;16:20
IFT-1903;A26;B;P;5;08:30;10:20
IFT-1903;A26;C;P;1;16:30;18:20
IFT-1903;A26;C;P;5;08:30;10:20
IFT-1903;A26;D;P;1;18:30;20:20
IFT-1903;A26;D;P;5;08:30;10:20
IFT-1903;H26;Z3;D;1;08:30;10:20
IFT-1903;H26;Z3;D;2;16:30;18:20
IFT-1903;H26;Z3;D;4;12:30;13:20
IFT-1903;H25;Z3;D;1;08:30;10:20
IFT-1903;H25;Z3;D;2;16:30;18:20
IFT-1903;H25;Z3;D;4;12:30;13:20
IFT-1903;A20;;;;;
IFT-1903;A21;;;;;
IFT-1903;A22;;;;;
IFT-1903;A23;;;;;
IFT-1903;A24;;;;;
IFT-1903;A27;;;;;
IFT-1903;A28;;;;;
IFT-1903;A29;;;;;
IFT-1903;A30;;;;;
IFT-1903;A31;;;;;
IFT-1903;H21;;;;;
IFT-1903;H22;;;;;
IFT-1903;H23;;;;;
IFT-1903;H24;;;;;
IFT-1903;H27;;;;;
IFT-1903;H28;;;;;
IFT-1903;H29;;;;;
IFT-1903;H30;;;;;
IFT-1903;H31;;;;;
IFT-4902;A26;H;H;3;16:30;18:20
IFT-4902;A26;H;H;5;13:30;15:20
IFT-4902;A26;H;H;5;13:30;16:20
IFT-4902;H26;H;H;3;13:30;16:20
IFT-4902;A25;H;H;5;13:30;16:20
IFT-4902;A20;;;;;
IFT-4902;A21;;;;;
IFT-4902;A22;;;;;
IFT-4902;A23;;;;;
IFT-4902;A24;;;;;
IFT-4902;A27;;;;;
IFT-4902;A28;;;;;
IFT-4902;A29;;;;;
IFT-4902;A30;;;;;
IFT-4902;A31;;;;;
IFT-4902;H21;;;;;
IFT-4902;H22;;;;;
IFT-4902;H23;;;;;
IFT-4902;H24;;;;;
IFT-4902;H25;;;;;
IFT-4902;H27;;;;;
IFT-4902;H28;;;;;
IFT-4902;H29;;;;;
IFT-4902;H30;;;;;
IFT-4902;H31;;;;;
MAT-0130;A26;A;P;1;15:30;18:20
MAT-0130;A26;B;P;2;12:30;15:20
MAT-0130;A26;C;P;2;15:30;18:20
MAT-0130;A26;D;P;3;15:30;18:20
MAT-0130;A26;E;P;5;08:30;11:20
MAT-0130;E26;;;;;
MAT-0130;H26;A;P;1;15:30;18:20
MAT-0130;H26;B;P;2;12:30;15:20
MAT-0130;H26;C;P;3;15:30;18:20
MAT-0130;A20;;;;;
MAT-0130;A21;;;;;
MAT-0130;A22;;;;;
MAT-0130;A23;;;;;
MAT-0130;A24;;;;;
MAT-0130;A27;;;;;
MAT-0130;A28;;;;;
MAT-0130;A29;;;;;
MAT-0130;A30;;;;;
MAT-0130;A31;;;;;
MAT-0130;E21;;;;;
MAT-0130;E22;;;;;
MAT-0130;E23;;;;;
MAT-0130;E24;;;;;
MAT-0130;E25;;;;;
MAT-0130;E27;;;;;
MAT-0130;E28;;;;;
MAT-0130;E29;;;;;
MAT-0130;E30;;;;;
MAT-0130;E31;;;;;
MAT-0130;H21;;;;;
MAT-0130;H22;;;;;
MAT-0130;H23;;;;;
MAT-0130;H24;;;;;
MAT-0130;H25;;;;;
MAT-0130;H27;;;;;
MAT-0130;H28;;;;;
MAT-0130;H29;;;;;
MAT-0130;H30;;;;;
MAT-0130;H31;;;;;
MAT-0150;A26;A;P;1;08:30;10:20
MAT-0150;A26;A;P;4;08:30;10:20
MAT-0150;A26;B;P;1;18:30;20:20
MAT-0150;A26;B;P;4;18:30;20:20
MAT-0150;A26;C;P;1;12:30;14:20
MAT-0150;A26;C;P;4;12:30;14:20
MAT-0150;A26;D;P;1;15:30;17:20
MAT-0150;A26;D;P;4;15:30;17:20
MAT-0150;E26;;;;;
MAT-0150;H26;A;P;1;08:30;10:20
MAT-0150;H26;A;P;4;08:30;10:20
MAT-0150;H26;B;P;1;12:30;14:20
MAT-0150;H26;B;P;4;12:30;14:20
MAT-0150;A20;;;;;
MAT-0150;A21;;;;;
MAT-0150;A22;;;;;
MAT-0150;A23;;;;;
MAT-0150;A24;;;;;
MAT-0150;A27;;;;;
MAT-0150;A28;;;;;
MAT-0150;A29;;;;;
MAT-0150;A30;;;;;
MAT-0150;A31;;;;;
MAT-0150;E21;;;;;
MAT-0150;E22;;;;;
MAT-0150;E23;;;;;
MAT-0150;E24;;;;;
MAT-0150;E25;;;;;
MAT-0150;E27;;;;;
MAT-0150;E28;;;;;
MAT-0150;E29;;;;;
MAT-0150;E30;;;;;
MAT-0150;E31;;;;;
MAT-0150;H21;;;;;
MAT-0150;H22;;;;;
MAT-0150;H23;;;;;
MAT-0150;H24;;;;;
MAT-0150;H25;;;;;
MAT-0150;H27;;;;;
MAT-0150;H28;;;;;
MAT-0150;H29;;;;;
MAT-0150;H30;;;;;
MAT-0150;H31;;;;;
MAT-0260;A26;A;P;1;08:30;10:20
MAT-0260;A26;A;P;4;08:30;10:20
MAT-0260;A26;B;P;1;18:30;20:20
MAT-0260;A26;B;P;4;18:30;20:20
MAT-0260;E26;;;;;
MAT-0260;H26;A;P;1;08:30;10:20
MAT-0260;H26;A;P;4;08:30;10:20
MAT-0260;H26;B;P;1;18:30;20:20
MAT-0260;H26;B;P;4;18:30;20:20
MAT-0260;A20;;;;;
MAT-0260;A21;;;;;
MAT-0260;A22;;;;;
MAT-0260;A23;;;;;
MAT-0260;A24;;;;;
MAT-0260;A27;;;;;
MAT-0260;A28;;;;;
MAT-0260;A29;;;;;
MAT-0260;A30;;;;;
MAT-0260;A31;;;;;
MAT-0260;E21;;;;;
MAT-0260;E22;;;;;
MAT-0260;E23;;;;;
MAT-0260;E24;;;;;
MAT-0260;E25;;;;;
MAT-0260;E27;;;;;
MAT-0260;E28;;;;;
MAT-0260;E29;;;;;
MAT-0260;E30;;;;;
MAT-0260;E31;;;;;
MAT-0260;H21;;;;;
MAT-0260;H22;;;;;
MAT-0260;H23;;;;;
MAT-0260;H24;;;;;
MAT-0260;H25;;;;;
MAT-0260;H27;;;;;
MAT-0260;H28;;;;;
MAT-0260;H29;;;;;
MAT-0260;H30;;;;;
MAT-0260;H31;;;;;
MAT-1900;A26;A;P;1;08:30;10:20
MAT-1900;A26;A;P;3;08:30;10:20
MAT-1900;A26;B;P;3;08:30;10:20
MAT-1900;A26;B;P;5;10:30;11:20
MAT-1900;A26;C;P;3;08:30;10:20
MAT-1900;A26;C;P;5;10:30;11:20
MAT-1900;A26;D;P;2;16:30;18:20
MAT-1900;A26;D;P;4;16:30;17:20
MAT-1900;A26;Z3;D;1;18:30;19:45
MAT-1900;A26;Z3;D;3;18:30;19:45
MAT-1900;E26;Z3;D;1;18:30;20:50
MAT-1900;E26;Z3;D;4;18:30;20:50
MAT-1900;H26;A;P;1;15:30;17:20
MAT-1900;H26;A;P;4;13:30;15:20
MAT-1900;H26;B;P;1;08:30;10:20
MAT-1900;H26;B;P;3;08:30;10:20
MAT-1900;H26;Z3;D;1;18:30;19:45
MAT-1900;H26;Z3;D;3;18:30;19:45
MAT-1900;A20;;;;;
MAT-1900;A21;;;;;
MAT-1900;A22;;;;;
MAT-1900;A23;;;;;
MAT-1900;A24;;;;;
MAT-1900;A27;;;;;
MAT-1900;A28;;;;;
MAT-1900;A29;;;;;
MAT-1900;A30;;;;;
MAT-1900;A31;;;;;
MAT-1900;E21;;;;;
MAT-1900;E22;;;;;
MAT-1900;E23;;;;;
MAT-1900;E24;;;;;
MAT-1900;E25;;;;;
MAT-1900;E27;;;;;
MAT-1900;E28;;;;;
MAT-1900;E29;;;;;
MAT-1900;E30;;;;;
MAT-1900;E31;;;;;
MAT-1900;H21;;;;;
MAT-1900;H22;;;;;
MAT-1900;H23;;;;;
MAT-1900;H24;;;;;
MAT-1900;H25;;;;;
MAT-1900;H27;;;;;
MAT-1900;H28;;;;;
MAT-1900;H29;;;;;
MAT-1900;H30;;;;;
MAT-1900;H31;;;;;
MAT-1910;A26;S;P;1;18:30;20:20
MAT-1910;A26;S;P;4;17:30;18:20
MAT-1910;E26;Z3;D;1;18:30;20:50
MAT-1910;E26;Z3;D;4;18:30;20:50
MAT-1910;H26;A;P;3;15:30;17:20
MAT-1910;H26;A;P;5;08:30;10:20
MAT-1910;H26;B;P;2;13:30;15:20
MAT-1910;H26;B;P;5;08:30;10:20
MAT-1910;H26;C;P;1;15:30;17:20
MAT-1910;H26;C;P;4;16:30;18:20
MAT-1910;H26;Z3;D;1;18:30;20:20
MAT-1910;H26;Z3;D;3;18:30;20:20
MAT-1910;A20;;;;;
MAT-1910;A21;;;;;
MAT-1910;A22;;;;;
MAT-1910;A23;;;;;
MAT-1910;A24;;;;;
MAT-1910;A27;;;;;
MAT-1910;A28;;;;;
MAT-1910;A29;;;;;
MAT-1910;A30;;;;;
MAT-1910;A31;;;;;
MAT-1910;E21;;;;;
MAT-1910;E22;;;;;
MAT-1910;E23;;;;;
MAT-1910;E24;;;;;
MAT-1910;E25;;;;;
MAT-1910;E27;;;;;
MAT-1910;E28;;;;;
MAT-1910;E29;;;;;
MAT-1910;E30;;;;;
MAT-1910;E31;;;;;
MAT-1910;H21;;;;;
MAT-1910;H22;;;;;
MAT-1910;H23;;;;;
MAT-1910;H24;;;;;
MAT-1910;H25;;;;;
MAT-1910;H27;;;;;
MAT-1910;H28;;;;;
MAT-1910;H29;;;;;
MAT-1910;H30;;;;;
MAT-1910;H31;;;;;
MAT-2910;A26;S;P;2;18:30;20:20
MAT-2910;A26;S;P;3;17:30;18:20
MAT-2910;H26;A;P;1;13:30;15:20
MAT-2910;H26;A;P;3;11:30;13:20
MAT-2910;H26;B;P;3;14:30;15:20
MAT-2910;H26;B;P;4;13:30;15:20
MAT-2910;H26;Z3A;D;2;18:30;20:20
MAT-2910;H26;Z3A;D;4;18:30;19:20
MAT-2910;H26;Z3B;D;2;18:30;20:20
MAT-2910;H26;Z3B;D;4;18:30;19:20
MAT-2910;A25;S;P;2;18:30;20:20
MAT-2910;A25;S;P;3;17:30;18:20
MAT-2910;A20;;;;;
MAT-2910;A21;;;;;
MAT-2910;A22;;;;;
MAT-2910;A23;;;;;
MAT-2910;A24;;;;;
MAT-2910;A27;;;;;
MAT-2910;A28;;;;;
MAT-2910;A29;;;;;
MAT-2910;A30;;;;;
MAT-2910;A31;;;;;
MAT-2910;H21;;;;;
MAT-2910;H22;;;;;
MAT-2910;H23;;;;;
MAT-2910;H24;;;;;
MAT-2910;H25;;;;;
MAT-2910;H27;;;;;
MAT-2910;H28;;;;;
MAT-2910;H29;;;;;
MAT-2910;H30;;;;;
MAT-2910;H31;;;;;
MCB-1907;A26;A;P;2;09:30;10:20
MCB-1907;A26;A;P;3;08:30;11:20
MCB-1907;A26;A;P;4;08:30;10:20
MCB-1907;A25;A;P;2;09:30;10:20
MCB-1907;A25;A;P;3;08:30;11:20
MCB-1907;A25;A;P;4;08:30;10:20
MCB-1907;A24;A;P;2;09:30;10:20
MCB-1907;A24;A;P;3;08:30;11:20
MCB-1907;A24;A;P;4;08:30;10:20
MCB-1907;A20;;;;;
MCB-1907;A21;;;;;
MCB-1907;A22;;;;;
MCB-1907;A23;;;;;
MCB-1907;A27;;;;;
MCB-1907;A28;;;;;
MCB-1907;A29;;;;;
MCB-1907;A30;;;;;
MCB-1907;A31;;;;;
MCB-4003;A26;;;;;
MCB-4003;A25;;;;;
MCB-4003;A24;;;;;
MCB-4003;A20;;;;;
MCB-4003;A21;;;;;
MCB-4003;A22;;;;;
MCB-4003;A23;;;;;
MCB-4003;A27;;;;;
MCB-4003;A28;;;;;
MCB-4003;A29;;;;;
MCB-4003;A30;;;;;
MCB-4003;A31;;;;;
MED-1100;A26;;;;;
MED-1100;E26;;;;;
MED-1100;H26;;;;;
MED-1100;A20;;;;;
MED-1100;A21;;;;;
MED-1100;A22;;;;;
MED-1100;A23;;;;;
MED-1100;A24;;;;;
MED-1100;A27;;;;;
MED-1100;A28;;;;;
MED-1100;A29;;;;;
MED-1100;A30;;;;;
MED-1100;A31;;;;;
MED-1100;E21;;;;;
MED-1100;E22;;;;;
MED-1100;E23;;;;;
MED-1100;E24;;;;;
MED-1100;E25;;;;;
MED-1100;E27;;;;;
MED-1100;E28;;;;;
MED-1100;E29;;;;;
MED-1100;E30;;;;;
MED-1100;E31;;;;;
MED-1100;H21;;;;;
MED-1100;H22;;;;;
MED-1100;H23;;;;;
MED-1100;H24;;;;;
MED-1100;H25;;;;;
MED-1100;H27;;;;;
MED-1100;H28;;;;;
MED-1100;H29;;;;;
MED-1100;H30;;;;;
MED-1100;H31;;;;;
PHI-2910;A26;A;P;5;12:30;15:20
PHI-2910;E26;;;;;
PHI-2910;H26;A;P;3;10:30;13:20
PHI-2910;H26;B;P;5;12:30;15:20
PHI-2910;A20;;;;;
PHI-2910;A21;;;;;
PHI-2910;A22;;;;;
PHI-2910;A23;;;;;
PHI-2910;A24;;;;;
PHI-2910;A27;;;;;
PHI-2910;A28;;;;;
PHI-2910;A29;;;;;
PHI-2910;A30;;;;;
PHI-2910;A31;;;;;
PHI-2910;E21;;;;;
PHI-2910;E22;;;;;
PHI-2910;E23;;;;;
PHI-2910;E24;;;;;
PHI-2910;E25;;;;;
PHI-2910;E27;;;;;
PHI-2910;E28;;;;;
PHI-2910;E29;;;;;
PHI-2910;E30;;;;;
PHI-2910;E31;;;;;
PHI-2910;H21;;;;;
PHI-2910;H22;;;;;
PHI-2910;H23;;;;;
PHI-2910;H24;;;;;
PHI-2910;H25;;;;;
PHI-2910;H27;;;;;
PHI-2910;H28;;;;;
PHI-2910;H29;;;;;
PHI-2910;H30;;;;;
PHI-2910;H31;;;;;
PHI-3900;A26;ZA;C;2;12:30;15:20
PHI-3900;A26;ZB;C;2;12:30;15:20
PHI-3900;E26;;;;;
PHI-3900;H26;ZA;C;2;12:30;15:20
PHI-3900;A20;;;;;
PHI-3900;A21;;;;;
PHI-3900;A22;;;;;
PHI-3900;A23;;;;;
PHI-3900;A24;;;;;
PHI-3900;A27;;;;;
PHI-3900;A28;;;;;
PHI-3900;A29;;;;;
PHI-3900;A30;;;;;
PHI-3900;A31;;;;;
PHI-3900;E21;;;;;
PHI-3900;E22;;;;;
PHI-3900;E23;;;;;
PHI-3900;E24;;;;;
PHI-3900;E25;;;;;
PHI-3900;E27;;;;;
PHI-3900;E28;;;;;
PHI-3900;E29;;;;;
PHI-3900;E30;;;;;
PHI-3900;E31;;;;;
PHI-3900;H21;;;;;
PHI-3900;H22;;;;;
PHI-3900;H23;;;;;
PHI-3900;H24;;;;;
PHI-3900;H25;;;;;
PHI-3900;H27;;;;;
PHI-3900;H28;;;;;
PHI-3900;H29;;;;;
PHI-3900;H30;;;;;
PHI-3900;H31;;;;;
PHY-0150;A26;A;P;1;15:30;17:20
PHY-0150;A26;A;P;4;15:30;17:20
PHY-0150;A26;B;P;1;18:30;20:20
PHY-0150;A26;B;P;4;18:30;20:20
PHY-0150;H26;A;P;1;15:30;17:20
PHY-0150;H26;A;P;4;15:30;17:20
PHY-0150;A25;A;P;1;15:30;17:20
PHY-0150;A25;A;P;4;15:30;17:20
PHY-0150;A25;B;P;1;18:30;20:20
PHY-0150;A25;B;P;4;18:30;20:20
PHY-0150;A20;;;;;
PHY-0150;A21;;;;;
PHY-0150;A22;;;;;
PHY-0150;A23;;;;;
PHY-0150;A24;;;;;
PHY-0150;A27;;;;;
PHY-0150;A28;;;;;
PHY-0150;A29;;;;;
PHY-0150;A30;;;;;
PHY-0150;A31;;;;;
PHY-0150;H21;;;;;
PHY-0150;H22;;;;;
PHY-0150;H23;;;;;
PHY-0150;H24;;;;;
PHY-0150;H25;;;;;
PHY-0150;H27;;;;;
PHY-0150;H28;;;;;
PHY-0150;H29;;;;;
PHY-0150;H30;;;;;
PHY-0150;H31;;;;;
PHY-0250;A26;A;P;3;12:30;15:20
PHY-0250;H26;A;P;3;12:30;15:20
PHY-0250;A25;A;P;3;12:30;15:20
PHY-0250;A20;;;;;
PHY-0250;A21;;;;;
PHY-0250;A22;;;;;
PHY-0250;A23;;;;;
PHY-0250;A24;;;;;
PHY-0250;A27;;;;;
PHY-0250;A28;;;;;
PHY-0250;A29;;;;;
PHY-0250;A30;;;;;
PHY-0250;A31;;;;;
PHY-0250;H21;;;;;
PHY-0250;H22;;;;;
PHY-0250;H23;;;;;
PHY-0250;H24;;;;;
PHY-0250;H25;;;;;
PHY-0250;H27;;;;;
PHY-0250;H28;;;;;
PHY-0250;H29;;;;;
PHY-0250;H30;;;;;
PHY-0250;H31;;;;;
PLG-2104;H26;A;P;2;13:30;16:20
PLG-2104;H25;A;P;2;13:30;16:20
PLG-2104;H21;;;;;
PLG-2104;H22;;;;;
PLG-2104;H23;;;;;
PLG-2104;H24;;;;;
PLG-2104;H27;;;;;
PLG-2104;H28;;;;;
PLG-2104;H29;;;;;
PLG-2104;H30;;;;;
PLG-2104;H31;;;;;
STT-1900;A26;A;P;3;15:30;17:20
STT-1900;A26;A;P;5;08:30;10:20
STT-1900;A26;Z3;D;3;18:30;20:20
STT-1900;A26;Z3;D;4;18:30;20:20
STT-1900;H26;A;P;4;10:30;12:20
STT-1900;H26;A;P;5;10:30;12:20
STT-1900;H26;Z3;D;3;18:30;20:20
STT-1900;H26;Z3;D;4;18:30;20:20
STT-1900;A25;A;P;3;15:30;17:20
STT-1900;A25;A;P;5;08:30;10:20
STT-1900;A25;Z3;D;3;18:30;20:20
STT-1900;A25;Z3;D;4;18:30;20:20
STT-1900;A20;;;;;
STT-1900;A21;;;;;
STT-1900;A22;;;;;
STT-1900;A23;;;;;
STT-1900;A24;;;;;
STT-1900;A27;;;;;
STT-1900;A28;;;;;
STT-1900;A29;;;;;
STT-1900;A30;;;;;
STT-1900;A31;;;;;
STT-1900;H21;;;;;
STT-1900;H22;;;;;
STT-1900;H23;;;;;
STT-1900;H24;;;;;
STT-1900;H25;;;;;
STT-1900;H27;;;;;
STT-1900;H28;;;;;
STT-1900;H29;;;;;
STT-1900;H30;;;;;
STT-1900;H31;;;;;
