CTB-1001;A24;;;;;
CTB-1001;A25;;;;;
GMC-1005;H27;;;;;
GMC-1005;H28;;;;;
GMC-1005;H29;;;;;
GMC-1005;H30;;;;;
GMC-1005;H31;;;;;
GMC-2580;A25;;;;;
GMC-3003;H27;;;0;;
GMC-3003;H28;;;0;;
GMC-3003;H29;;;0;;
GMC-3003;H30;;;0;;
GMC-3003;H31;;;0;;
GMC-3003;A22;;;0;;
GMC-3003;A23;;;0;;
GMC-3003;A24;;;0;;
GMC-3003;A25;;;0;;
GMC-3020;E27;;;;;
GMC-3034;E27;;;;;
GMC-3035;E27;;;;;
CHM-0150;A22;;;;;
CHM-0150;H23;;;;;
CHM-0150;A23;;;;;
CHM-0150;H24;;;;;
CHM-0150;A24;;;;;
CHM-0150;H25;;;;;
CHM-0150;A25;;;;;
ECN-4901;H23;;;;;
ECN-4901;E23;;;;;
ECN-4901;H24;;;;;
ECN-4901;E24;;;;;
ECN-4901;H25;;;;;
ECN-4901;E25;;;;;
ENT-1000;A22;;;;;
ENT-1000;H23;;;;;
ENT-1000;E23;;;;;
ENT-1000;A23;;;;;
ENT-1000;H24;;;;;
ENT-1000;E24;;;;;
ENT-1000;A24;;;;;
ENT-1000;H25;;;;;
ENT-1000;E25;;;;;
ENT-1000;A25;;;;;
ENT-2023;A22;;;;;
ENT-2023;A23;;;;;
ENT-2023;A24;;;;;
ENT-2023;A25;;;;;
ENT-3000;A22;;;;;
ENT-3000;H23;;;;;
ENT-3000;E23;;;;;
ENT-3000;A23;;;;;
ENT-3000;H24;;;;;
ENT-3000;E24;;;;;
ENT-3000;A24;;;;;
ENT-3000;H25;;;;;
ENT-3000;E25;;;;;
ENT-3000;A25;;;;;
ENT-3010;A22;;;;;
ENT-3010;H23;;;;;
ENT-3010;E23;;;;;
ENT-3010;A23;;;;;
ENT-3010;H24;;;;;
ENT-3010;E24;;;;;
ENT-3010;A24;;;;;
ENT-3010;H25;;;;;
ENT-3010;E25;;;;;
ENT-3010;A25;;;;;
ENT-4020;A22;;;;;
ENT-4020;H23;;;;;
ENT-4020;A23;;;;;
ENT-4020;H24;;;;;
ENT-4020;A24;;;;;
ENT-4020;H25;;;;;
ENT-4020;A25;;;;;
GAE-2005;H23;;;;;
GAE-2005;H25;;;;;
GBO-2040;H23;;;;;
GBO-2040;H24;;;;;
GBO-2040;H25;;;;;
GBO-4070;H23;;;;;
GBO-4070;H24;;;;;
GBO-4070;H25;;;;;
GCI-2004;H23;;;;;
GCI-2004;H24;;;;;
GCI-2004;H25;;;;;
GCI-2007;H23;;;;;
GCI-2007;H24;;;;;
GCI-2007;H25;;;;;
GCI-3001;A22;;;;;
GCI-3001;A23;;;;;
GCI-3001;A24;;;;;
GCI-3001;A25;;;;;
GCI-3002;A23;;;;;
GEL-1000;A22;;;;;
GEL-1000;A23;;;;;
GEL-1000;A24;;;;;
GEL-1001;H23;;;;;
GEL-1001;H24;;;;;
GEL-1001;H25;;;;;
GEL-1002;A22;;;;;
GEL-1002;A23;;;;;
GEL-1002;A24;;;;;
GEL-2000;A22;;;;;
GEL-2000;A23;;;;;
GEL-2000;A24;;;;;
GEL-2001;A22;;;;;
GEL-2001;A23;;;;;
GEL-2001;A24;;;;;
GEL-2002;H23;;;;;
GEL-2002;H24;;;;;
GEL-2002;H25;;;;;
GEL-2003;H23;;;;;
GEL-2003;H24;;;;;
GEL-2003;H25;;;;;
GEL-2005;A22;;;;;
GEL-2005;A23;;;;;
GEL-2005;A24;;;;;
GEL-2007;H23;;;;;
GEL-2007;H24;;;;;
GEL-2007;H25;;;;;
GEL-2910;H23;;;;;
GEL-2910;H24;;;;;
GEL-2910;H25;;;;;
GEL-3000;H23;;;;;
GEL-3000;H24;;;;;
GEL-3000;H25;;;;;
GEL-3001;A22;;;;;
GEL-3001;A23;;;;;
GEL-3001;A24;;;;;
GEL-3002;A22;;;;;
GEL-3002;A23;;;;;
GEL-3002;A24;;;;;
GEL-3003;A22;;;;;
GEL-3003;A23;;;;;
GEL-3003;A24;;;;;
GEL-3006;A22;;;;;
GEL-3006;A23;;;;;
GEL-3006;A24;;;;;
GEL-3007;H23;;;;;
GEL-3007;H24;;;;;
GEL-3007;H25;;;;;
GEL-3010;H23;;;;;
GEL-3010;H24;;;;;
GEL-3010;H25;;;;;
GEL-3014;H23;;;;;
GEL-3014;H24;;;;;
GEL-3014;H25;;;;;
GEL-3020;A22;;;;;
GEL-3020;E23;;;;;
GEL-3020;A23;;;;;
GEL-3020;E24;;;;;
GEL-3020;A24;;;;;
GEL-3020;E25;;;;;
GEL-3021;A22;;;;;
GEL-3021;H23;;;;;
GEL-3021;A23;;;;;
GEL-3021;H24;;;;;
GEL-3021;A24;;;;;
GEL-3021;H25;;;;;
GEL-3100;H23;;;;;
GEL-3100;H24;;;;;
GEL-3100;H25;;;;;
GEL-3110;H23;;;;;
GEL-3110;H24;;;;;
GEL-3110;H25;;;;;
GEL-3150;H23;;;;;
GEL-3150;H24;;;;;
GEL-3150;H25;;;;;
GEL-3301;H23;;;;;
GEL-3301;H24;;;;;
GEL-3301;H25;;;;;
GEL-3302;H23;;;;;
GEL-3302;H24;;;;;
GEL-3302;H25;;;;;
GEL-4064;H23;;;;;
GEL-4064;H24;;;;;
GEL-4069;H23;;;;;
GEL-4069;H25;;;;;
GEL-4072;A22;;;;;
GEL-4072;A23;;;;;
GEL-4072;A24;;;;;
GEL-4073;A22;;;;;
GEL-4073;A23;;;;;
GEL-4073;A24;;;;;
GEL-4075;H23;;;;;
GEL-4075;H24;;;;;
GEL-4075;H25;;;;;
GEL-4100;A23;;;;;
GEL-4100;A24;;;;;
GEL-4101;H23;;;;;
GEL-4101;H25;;;;;
GEL-4102;A22;;;;;
GEL-4102;A23;;;;;
GEL-4102;A24;;;;;
GEL-4150;A22;;;;;
GEL-4150;H23;;;;;
GEL-4150;A23;;;;;
GEL-4150;A24;;;;;
GEL-4151;H23;;;;;
GEL-4151;H24;;;;;
GEL-4152;H23;;;;;
GEL-4152;H24;;;;;
GEL-4200;A22;;;;;
GEL-4200;A23;;;;;
GEL-4200;A24;;;;;
GEL-4201;H23;;;;;
GEL-4201;H24;;;;;
GEL-4201;H25;;;;;
GEL-4202;H23;;;;;
GEL-4202;H24;;;;;
GEL-4203;A22;;;;;
GEL-4203;A23;;;;;
GEL-4203;A24;;;;;
GEL-4250;H23;;;;;
GEL-4250;H25;;;;;
GEL-4251;H23;;;;;
GEL-4251;H24;;;;;
GEL-4251;H25;;;;;
GEL-4799;A22;;;;;
GEL-4799;H23;;;;;
GEL-4799;A23;;;;;
GEL-4799;H24;;;;;
GEL-4799;A24;;;;;
GEL-4799;H25;;;;;
GIF-1001;A22;;;;;
GIF-1001;H23;;;;;
GIF-1001;A23;;;;;
GIF-1001;H24;;;;;
GIF-1001;A24;;;;;
GIF-1001;H25;;;;;
GIF-1002;A22;;;;;
GIF-1002;A23;;;;;
GIF-1002;A24;;;;;
GIF-2000;H23;;;;;
GIF-2000;H24;;;;;
GIF-2000;H25;;;;;
GIF-3000;A22;;;;;
GIF-3000;A23;;;;;
GIF-3000;A24;;;;;
GIF-3001;H23;;;;;
GIF-3001;H24;;;;;
GIF-3001;H25;;;;;
GIF-3002;A22;;;;;
GIF-3002;A23;;;;;
GIF-3002;A24;;;;;
GIF-3004;H23;;;;;
GIF-3004;H24;;;;;
GIF-3004;H25;;;;;
GIF-3101;H23;;;;;
GIF-3101;H24;;;;;
GIF-3101;H25;;;;;
GIF-4100;A22;;;;;
GIF-4100;A23;;;;;
GIF-4100;A24;;;;;
GIF-4101;A22;;;;;
GIF-4101;A23;;;;;
GIF-4101;A24;;;;;
GIF-4104;H23;;;;;
GIF-4105;H23;;;;;
GIF-4105;H24;;;;;
GIF-4105;H25;;;;;
GIF-4201;H24;;;;;
GIF-4202;A22;;;;;
GIF-4202;A23;;;;;
GIF-4202;A24;;;;;
GIN-1500;A22;;;;;
GIN-1500;A23;;;;;
GIN-1500;A24;;;;;
GIN-2010;H23;;;;;
GIN-2010;H24;;;;;
GIN-2010;H25;;;;;
GIN-2110;A22;;;;;
GIN-2110;A23;;;;;
GIN-2110;A24;;;;;
GIN-2120;A22;;;;;
GIN-2120;A23;;;;;
GIN-2120;A24;;;;;
GIN-3010;H23;;;;;
GIN-3010;H24;;;;;
GIN-3010;H25;;;;;
GIN-3020;H23;;;;;
GIN-3020;H24;;;;;
GIN-3020;H25;;;;;
GIN-3030;A22;;;;;
GIN-3030;A23;;;;;
GIN-3030;A24;;;;;
GIN-3040;H23;;;;;
GIN-3040;H24;;;;;
GIN-3040;H25;;;;;
GIN-3050;A22;;;;;
GIN-3050;A23;;;;;
GIN-3050;A24;;;;;
GIN-3080;A22;;;;;
GIN-3080;H23;;;;;
GIN-3080;A23;;;;;
GIN-3080;A24;;;;;
GIN-3110;A22;;;;;
GIN-3110;A23;;;;;
GIN-3110;A24;;;;;
GIN-3200;H23;;;;;
GIN-3200;E23;;;;;
GIN-3200;H24;;;;;
GIN-3200;E24;;;;;
GIN-3200;H25;;;;;
GIN-3200;E25;;;;;
GIN-3220;H23;;;;;
GIN-3220;H24;;;;;
GIN-3220;H25;;;;;
GIN-3310;A22;;;;;
GIN-3310;A23;;;;;
GIN-3310;A24;;;;;
GIN-3320;H23;;;;;
GIN-3320;H24;;;;;
GIN-3320;H25;;;;;
GIN-4003;H25;;;;;
GIN-4021;H23;;;;;
GIN-4021;H24;;;;;
GIN-4021;H25;;;;;
GLO-1901;A22;;;;;
GLO-1901;H23;;;;;
GLO-1901;A23;;;;;
GLO-1901;H24;;;;;
GLO-1901;A24;;;;;
GLO-1901;H25;;;;;
GLO-2100;A22;;;;;
GLO-2100;A23;;;;;
GLO-2100;A24;;;;;
GLO-2100;A25;;;;;
GLO-4001;A22;;;;;
GLO-4001;A23;;;;;
GLO-4001;A24;;;;;
GLO-4001;A25;;;;;
GMC-1000;A22;;;;;
GMC-1000;A23;;;;;
GMC-1000;A24;;;;;
GMC-1001;A22;;;;;
GMC-1001;H23;;;;;
GMC-1001;A23;;;;;
GMC-1001;H24;;;;;
GMC-1001;A24;;;;;
GMC-1001;H25;;;;;
GMC-1002;A22;;;;;
GMC-1002;A23;;;;;
GMC-1002;A24;;;;;
GMC-1003;H23;;;;;
GMC-1003;H24;;;;;
GMC-1003;H25;;;;;
GMC-1024;A22;;;;;
GMC-1024;H23;;;;;
GMC-1024;A23;;;;;
GMC-1024;H24;;;;;
GMC-1024;A24;;;;;
GMC-1024;H25;;;;;
GMC-1300;H23;;;;;
GMC-1300;H24;;;;;
GMC-1300;H25;;;;;
GMC-1900;A22;;;;;
GMC-1900;A23;;;;;
GMC-1900;A24;;;;;
GMC-1901;A22;;;;;
GMC-1901;A23;;;;;
GMC-1901;A24;;;;;
GMC-2001;H23;;;;;
GMC-2001;H24;;;;;
GMC-2001;H25;;;;;
GMC-2002;A22;;;;;
GMC-2002;A23;;;;;
GMC-2002;A24;;;;;
GMC-2003;A22;;;;;
GMC-2003;A23;;;;;
GMC-2003;H24;;;;;
GMC-2003;A24;;;;;
GMC-2005;H23;;;;;
GMC-2005;H24;;;;;
GMC-2005;H25;;;;;
GMC-2006;A22;;;;;
GMC-2006;A23;;;;;
GMC-2006;A24;;;;;
GMC-2007;H23;;;;;
GMC-2007;H24;;;;;
GMC-2007;H25;;;;;
GMC-2008;H23;;;;;
GMC-2008;H24;;;;;
GMC-2008;H25;;;;;
GMC-2024;A22;;;;;
GMC-2024;H23;;;;;
GMC-2024;A23;;;;;
GMC-2024;H24;;;;;
GMC-2024;A24;;;;;
GMC-2025;A22;;;;;
GMC-2025;H23;;;;;
GMC-2025;A23;;;;;
GMC-2025;H24;;;;;
GMC-2025;A24;;;;;
GMC-2025;H25;;;;;
GMC-3000;H23;;;;;
GMC-3000;H24;;;;;
GMC-3000;H25;;;;;
GMC-3001;H23;;;;;
GMC-3001;H24;;;;;
GMC-3002;A22;;;;;
GMC-3002;A23;;;;;
GMC-3002;A24;;;;;
GMC-3002;E25;;;;;
GMC-3003;H23;;;;;
GMC-3003;H24;;;;;
GMC-3003;H25;;;;;
GMC-3005;A22;;;;;
GMC-3005;A23;;;;;
GMC-3005;A24;;;;;
GMC-3006;H23;;;;;
GMC-3006;H24;;;;;
GMC-3006;H25;;;;;
GMC-3009;A22;;;;;
GMC-3009;A23;;;;;
GMC-3009;A24;;;;;
GMC-3010;H23;;;;;
GMC-3010;H24;;;;;
GMC-3012;A22;;;;;
GMC-3012;A23;;;;;
GMC-3012;A24;;;;;
GMC-3013;A22;;;;;
GMC-3013;H23;;;;;
GMC-3013;A23;;;;;
GMC-3013;H24;;;;;
GMC-3013;A24;;;;;
GMC-3013;H25;;;;;
GMC-3014;A22;;;;;
GMC-3014;H23;;;;;
GMC-3014;A23;;;;;
GMC-3014;H24;;;;;
GMC-3014;A24;;;;;
GMC-3015;H23;;;;;
GMC-3015;H24;;;;;
GMC-3015;H25;;;;;
GMC-3016;A24;;;;;
GMC-3020;A22;;;;;
GMC-3020;H23;;;;;
GMC-3020;A23;;;;;
GMC-3020;H24;;;;;
GMC-3020;A24;;;;;
GMC-3020;H25;;;;;
GMC-3020;A25;;;;;
GMC-3024;A22;;;;;
GMC-3024;H23;;;;;
GMC-3024;A23;;;;;
GMC-3024;H24;;;;;
GMC-3024;A24;;;;;
GMC-3025;H23;;;;;
GMC-3025;H24;;;;;
GMC-3025;A24;;;;;
GMC-3025;H25;;;;;
GMC-3034;A24;;;;;
GMC-3034;H25;;;;;
GMC-3035;A24;;;;;
GMC-3035;H25;;;;;
GMC-3300;A22;;;;;
GMC-3300;A23;;;;;
GMC-3300;A24;;;;;
GMC-3351;H23;;;;;
GMC-3351;H24;;;;;
GMC-3351;H25;;;;;
GMC-3550;A22;;;;;
GMC-3550;H23;;;;;
GMC-3550;E23;;;;;
GMC-3550;A23;;;;;
GMC-3550;H24;;;;;
GMC-3550;E24;;;;;
GMC-3550;A24;;;;;
GMC-3550;E25;;;;;
GMC-3551;A22;;;;;
GMC-3551;H23;;;;;
GMC-3551;E23;;;;;
GMC-3551;A23;;;;;
GMC-3551;H24;;;;;
GMC-3551;E24;;;;;
GMC-3551;A24;;;;;
GMC-3551;E25;;;;;
GMC-4048;A22;;;;;
GMC-4048;A23;;;;;
GMC-4048;A24;;;;;
GMC-4054;A22;;;;;
GMC-4054;A23;;;;;
GMC-4054;A24;;;;;
GMC-4055;H24;;;;;
GMC-4055;H25;;;;;
GMC-4100;H24;;;;;
GMC-4100;H25;;;;;
GMC-4150;H23;;;;;
GMC-4150;A23;;;;;
GMC-4150;A24;;;;;
GMC-4200;H23;;;;;
GMC-4200;H24;;;;;
GMC-4200;H25;;;;;
GMC-4201;H23;;;;;
GMC-4201;H24;;;;;
GMC-4201;H25;;;;;
GMC-4202;A22;;;;;
GMC-4202;A23;;;;;
GMC-4202;A24;;;;;
GMC-4250;A22;;;;;
GMC-4250;A23;;;;;
GMC-4250;A24;;;;;
GMC-4350;H23;;;;;
GMC-4350;H24;;;;;
GMC-4350;H25;;;;;
GMC-4351;A22;;;;;
GMC-4351;A23;;;;;
GMC-4351;A24;;;;;
GML-1001;A22;;;;;
GML-1001;H23;;;;;
GML-1001;A23;;;;;
GML-1001;H24;;;;;
GML-1001;A24;;;;;
GML-1001;H25;;;;;
GML-1001;A25;;;;;
GML-2007;A22;;;;;
GML-2007;A23;;;;;
GML-2007;A24;;;;;
GML-2007;A25;;;;;
GML-2251;H23;;;;;
GML-2251;H24;;;;;
GML-2251;H25;;;;;
GML-3000;A22;;;;;
GML-3000;A23;;;;;
GML-3000;A24;;;;;
GML-3000;A25;;;;;
GML-4151;E23;;;;;
GML-4151;E24;;;;;
GML-4151;E25;;;;;
GMN-2900;H23;;;;;
GMN-2900;H24;;;;;
GMN-2900;H25;;;;;
GMN-2902;H23;;;;;
GMN-2902;H24;;;;;
GMN-2902;H25;;;;;
GSC-1000;A23;;;;;
GSC-1000;H24;;;;;
GSC-1000;A24;;;;;
GSC-1000;H25;;;;;
GSO-2105;H23;;;;;
GSO-2105;H24;;;;;
GSO-2105;H25;;;;;
GSO-3103;A22;;;;;
GSO-3103;A23;;;;;
GSO-3103;A24;;;;;
GSO-3103;A25;;;;;
HST-2901;H23;;;;;
HST-2901;H24;;;;;
HST-2901;H25;;;;;
IFT-1903;H23;;;;;
IFT-1903;H24;;;;;
IFT-1903;H25;;;;;
IFT-4102;A22;;;;;
IFT-4102;A23;;;;;
IFT-4102;A24;;;;;
IFT-4102;A25;;;;;
MAT-0130;A22;;;;;
MAT-0130;H23;;;;;
MAT-0130;E23;;;;;
MAT-0130;A23;;;;;
MAT-0130;H24;;;;;
MAT-0130;E24;;;;;
MAT-0130;A24;;;;;
MAT-0130;H25;;;;;
MAT-0130;E25;;;;;
MAT-0130;A25;;;;;
MAT-0150;A22;;;;;
MAT-0150;H23;;;;;
MAT-0150;E23;;;;;
MAT-0150;A23;;;;;
MAT-0150;H24;;;;;
MAT-0150;E24;;;;;
MAT-0150;A24;;;;;
MAT-0150;H25;;;;;
MAT-0150;E25;;;;;
MAT-0150;A25;;;;;
MAT-0250;A22;;;;;
MAT-0250;H23;;;;;
MAT-0250;E23;;;;;
MAT-0250;A23;;;;;
MAT-0250;H24;;;;;
MAT-0250;E24;;;;;
MAT-0250;A24;;;;;
MAT-0250;H25;;;;;
MAT-0250;E25;;;;;
MAT-0260;A22;;;;;
MAT-0260;H23;;;;;
MAT-0260;E23;;;;;
MAT-0260;A23;;;;;
MAT-0260;H24;;;;;
MAT-0260;E24;;;;;
MAT-0260;A24;;;;;
MAT-0260;H25;;;;;
MAT-0260;E25;;;;;
MAT-1100;H23;;;;;
MAT-1100;H24;;;;;
MAT-1100;H25;;;;;
MAT-1110;A22;;;;;
MAT-1110;A23;;;;;
MAT-1110;A24;;;;;
MAT-1110;H25;;;;;
MAT-1120;H23;;;;;
MAT-1120;H24;;;;;
MAT-1120;H25;;;;;
MAT-1200;A22;;;;;
MAT-1200;H23;;;;;
MAT-1200;A23;;;;;
MAT-1200;H24;;;;;
MAT-1200;A24;;;;;
MAT-1200;H25;;;;;
MAT-1300;A22;;;;;
MAT-1300;A23;;;;;
MAT-1300;A24;;;;;
MAT-1310;H23;;;;;
MAT-1310;H24;;;;;
MAT-1310;H25;;;;;
MAT-1500;A22;;;;;
MAT-1500;A23;;;;;
MAT-1500;A24;;;;;
MAT-1900;A22;;;;;
MAT-1900;H23;;;;;
MAT-1900;A23;;;;;
MAT-1900;H24;;;;;
MAT-1900;E24;;;;;
MAT-1900;A24;;;;;
MAT-1900;H25;;;;;
MAT-1900;E25;;;;;
MAT-1900;A25;;;;;
MAT-1905;A22;;;;;
MAT-1905;E23;;;;;
MAT-1905;A23;;;;;
MAT-1905;E24;;;;;
MAT-1905;A24;;;;;
MAT-1905;E25;;;;;
MAT-1906;H23;;;;;
MAT-1906;E23;;;;;
MAT-1906;H24;;;;;
MAT-1906;E24;;;;;
MAT-1906;H25;;;;;
MAT-1906;E25;;;;;
MAT-1910;A22;;;;;
MAT-1910;H23;;;;;
MAT-1910;E23;;;;;
MAT-1910;A23;;;;;
MAT-1910;H24;;;;;
MAT-1910;E24;;;;;
MAT-1910;A24;;;;;
MAT-1910;H25;;;;;
MAT-1910;E25;;;;;
MAT-1910;A25;;;;;
MAT-1920;A22;;;;;
MAT-1920;A23;;;;;
MAT-1920;A24;;;;;
MAT-2100;A22;;;;;
MAT-2100;A23;;;;;
MAT-2100;A24;;;;;
MAT-2110;H23;;;;;
MAT-2110;H24;;;;;
MAT-2110;H25;;;;;
MAT-2200;H23;;;;;
MAT-2200;H24;;;;;
MAT-2200;H25;;;;;
MAT-2300;A22;;;;;
MAT-2300;A23;;;;;
MAT-2300;A24;;;;;
MAT-2310;A22;;;;;
MAT-2310;A23;;;;;
MAT-2310;A24;;;;;
MAT-2330;H24;;;;;
MAT-2400;A22;;;;;
MAT-2400;A23;;;;;
MAT-2400;A24;;;;;
MAT-2410;A22;;;;;
MAT-2410;A23;;;;;
MAT-2410;A24;;;;;
MAT-2420;H23;;;;;
MAT-2430;H24;;;;;
MAT-2500;H23;;;;;
MAT-2500;H25;;;;;
MAT-2500;E25;;;;;
MAT-2510;A22;;;;;
MAT-2510;A24;;;;;
MAT-2520;A23;;;;;
MAT-2900;A22;;;;;
MAT-2900;A23;;;;;
MAT-2900;A24;;;;;
MAT-2901;H23;;;;;
MAT-2901;H24;;;;;
MAT-2901;H25;;;;;
MAT-2903;A22;;;;;
MAT-2903;A23;;;;;
MAT-2903;A24;;;;;
MAT-2904;A22;;;;;
MAT-2904;A23;;;;;
MAT-2904;A24;;;;;
MAT-2906;H23;;;;;
MAT-2906;H24;;;;;
MAT-2906;H25;;;;;
MAT-2910;A22;;;;;
MAT-2910;H23;;;;;
MAT-2910;A23;;;;;
MAT-2910;H24;;;;;
MAT-2910;A24;;;;;
MAT-2910;H25;;;;;
MAT-2920;A22;;;;;
MAT-2920;A24;;;;;
MAT-2930;A22;;;;;
MAT-2930;A23;;;;;
MAT-2930;A24;;;;;
MAT-3100;H23;;;;;
MAT-3100;H24;;;;;
MAT-3100;H25;;;;;
MAT-3110;H23;;;;;
MAT-3110;H24;;;;;
MAT-3110;H25;;;;;
MAT-3120;A22;;;;;
MAT-3120;A23;;;;;
MAT-3120;A24;;;;;
MAT-3120;H25;;;;;
MAT-3130;A23;;;;;
MAT-3300;H23;;;;;
MAT-3300;H24;;;;;
MAT-3300;H25;;;;;
MAT-3600;A22;;;;;
MAT-3600;H23;;;;;
MAT-3600;A23;;;;;
MAT-3600;H24;;;;;
MAT-3600;H25;;;;;
MAT-3900;H23;;;;;
MAT-3900;H24;;;;;
MAT-3900;H25;;;;;
MAT-4000;A22;;;;;
MAT-4000;A23;;;;;
MAT-4000;A24;;;;;
MAT-4120;H23;;;;;
MAT-4120;H25;;;;;
MAT-4150;H24;;;;;
MAT-4300;H24;;;;;
MAT-4400;H23;;;;;
MAT-4400;H24;;;;;
MAT-4400;H25;;;;;
MAT-4410;A22;;;;;
MAT-4410;A23;;;;;
MAT-4410;A24;;;;;
MAT-4500;H25;;;;;
MED-1100;A22;;;;;
MED-1100;H23;;;;;
MED-1100;A23;;;;;
MED-1100;H24;;;;;
MED-1100;A24;;;;;
MED-1100;H25;;;;;
MED-1100;A25;;;;;
PHI-2910;A22;;;;;
PHI-2910;H23;;;;;
PHI-2910;E23;;;;;
PHI-2910;A23;;;;;
PHI-2910;H24;;;;;
PHI-2910;E24;;;;;
PHI-2910;A24;;;;;
PHI-2910;H25;;;;;
PHI-2910;E25;;;;;
PHI-2910;A25;;;;;
PHI-3900;A22;;;;;
PHI-3900;H23;;;;;
PHI-3900;E23;;;;;
PHI-3900;A23;;;;;
PHI-3900;H24;;;;;
PHI-3900;E24;;;;;
PHI-3900;A24;;;;;
PHI-3900;H25;;;;;
PHI-3900;E25;;;;;
PHI-3900;A25;;;;;
PHY-0150;A22;;;;;
PHY-0150;H23;;;;;
PHY-0150;A23;;;;;
PHY-0150;H24;;;;;
PHY-0150;A24;;;;;
PHY-0150;H25;;;;;
PHY-0150;A25;;;;;
PHY-0250;A22;;;;;
PHY-0250;H23;;;;;
PHY-0250;A23;;;;;
PHY-0250;H24;;;;;
PHY-0250;A24;;;;;
PHY-0250;H25;;;;;
PHY-0250;A25;;;;;
PHY-2100;H23;;;;;
PHY-2100;H24;;;;;
PHY-2100;H25;;;;;
STT-0150;A22;;;;;
STT-0150;H23;;;;;
STT-0150;E23;;;;;
STT-0150;A23;;;;;
STT-0150;H24;;;;;
STT-0150;E24;;;;;
STT-0150;A24;;;;;
STT-0150;H25;;;;;
STT-0150;E25;;;;;
STT-1000;A22;;;;;
STT-1000;H23;;;;;
STT-1000;A23;;;;;
STT-1000;H24;;;;;
STT-1000;A24;;;;;
STT-1000;H25;;;;;
STT-1100;H23;;;;;
STT-1100;H24;;;;;
STT-1100;H25;;;;;
STT-1500;H23;;;;;
STT-1500;H24;;;;;
STT-1500;H25;;;;;
STT-1900;A22;;;;;
STT-1900;H23;;;;;
STT-1900;A23;;;;;
STT-1900;H24;;;;;
STT-1900;A24;;;;;
STT-1900;H25;;;;;
STT-1920;A22;;;;;
STT-1920;H23;;;;;
STT-1920;H24;;;;;
STT-1920;H25;;;;;
STT-2000;A22;;;;;
STT-2000;A23;;;;;
STT-2000;A24;;;;;
STT-2100;A22;;;;;
STT-2100;A23;;;;;
STT-2100;A24;;;;;
STT-2200;A22;;;;;
STT-2200;A23;;;;;
STT-2200;A24;;;;;
STT-2300;H23;;;;;
STT-2300;H24;;;;;
STT-2300;H25;;;;;
STT-2902;A22;;;;;
STT-2902;A23;;;;;
STT-2902;A24;;;;;
STT-2920;A22;;;;;
STT-2920;A23;;;;;
STT-2920;A24;;;;;
STT-3300;A22;;;;;
STT-3300;A23;;;;;
STT-3300;A24;;;;;
STT-3400;H23;;;;;
STT-3400;H24;;;;;
STT-3400;H25;;;;;
STT-4100;A22;;;;;
STT-4100;A23;;;;;
STT-4100;A24;;;;;
STT-4140;H24;;;;;
STT-4140;H25;;;;;
STT-4230;H23;;;;;
STT-4230;H24;;;;;
STT-4230;A24;;;;;
STT-4400;H23;;;;;
STT-4400;H24;;;;;
STT-4400;H25;;;;;
STT-4500;A22;;;;;
STT-4500;A23;;;;;
STT-4500;A24;;;;;
STT-4600;H23;;;;;
STT-4600;H24;;;;;
STT-4600;H25;;;;;
STT-4630;A23;;;;;
STT-4700;H23;;;;;
STT-4700;H24;;;;;
STT-4700;H25;;;;;