sigle;session;section;mode;jour;heure_debut;heure_fin
CHM-0150;A26;A;P;3;18:30;21:20
CHM-0150;A26;B;P;3;08:30;11:20
CHM-0150;H26;A;P;3;18:30;21:20
CHM-0150;A25;A;P;3;18:30;21:20
CHM-0150;A25;B;P;3;08:30;11:20
CHM-0150;A25;C;P;3;13:30;16:20
CHM-0150;A20;;;;;
CHM-0150;A21;;;;;
CHM-0150;A22;;;;;
CHM-0150;A23;;;;;
CHM-0150;A24;;;;;
CHM-0150;A27;;;;;
CHM-0150;A28;;;;;
CHM-0150;A29;;;;;
CHM-0150;A30;;;;;
CHM-0150;A31;;;;;
CHM-0150;H21;;;;;
CHM-0150;H22;;;;;
CHM-0150;H23;;;;;
CHM-0150;H24;;;;;
CHM-0150;H25;;;;;
CHM-0150;H27;;;;;
CHM-0150;H28;;;;;
CHM-0150;H29;;;;;
CHM-0150;H30;;;;;
CHM-0150;H31;;;;;
ECN-4901;E26;;;;;
ECN-4901;H26;;;;;
ECN-4901;E21;;;;;
ECN-4901;E22;;;;;
ECN-4901;E23;;;;;
ECN-4901;E24;;;;;
ECN-4901;E25;;;;;
ECN-4901;E27;;;;;
ECN-4901;E28;;;;;
ECN-4901;E29;;;;;
ECN-4901;E30;;;;;
ECN-4901;E31;;;;;
ECN-4901;H21;;;;;
ECN-4901;H22;;;;;
ECN-4901;H23;;;;;
ECN-4901;H24;;;;;
ECN-4901;H25;;;;;
ECN-4901;H27;;;;;
ECN-4901;H28;;;;;
ECN-4901;H29;;;;;
ECN-4901;H30;;;;;
ECN-4901;H31;;;;;
ENT-1000;A26;A;P;4;09:00;11:50
ENT-1000;A26;B;P;4;12:30;15:20
ENT-1000;E26;;;;;
ENT-1000;H26;A;P;4;09:00;11:50
ENT-1000;H26;B;P;4;12:30;15:20
ENT-1000;A20;;;;;
ENT-1000;A21;;;;;
ENT-1000;A22;;;;;
ENT-1000;A23;;;;;
ENT-1000;A24;;;;;
ENT-1000;A25;;;;;
ENT-1000;A27;;;;;
ENT-1000;A28;;;;;
ENT-1000;A29;;;;;
ENT-1000;A30;;;;;
ENT-1000;A31;;;;;
ENT-1000;E21;;;;;
ENT-1000;E22;;;;;
ENT-1000;E23;;;;;
ENT-1000;E24;;;;;
ENT-1000;E25;;;;;
ENT-1000;E27;;;;;
ENT-1000;E28;;;;;
ENT-1000;E29;;;;;
ENT-1000;E30;;;;;
ENT-1000;E31;;;;;
ENT-1000;H21;;;;;
ENT-1000;H22;;;;;
ENT-1000;H23;;;;;
ENT-1000;H24;;;;;
ENT-1000;H25;;;;;
ENT-1000;H27;;;;;
ENT-1000;H28;;;;;
ENT-1000;H29;;;;;
ENT-1000;H30;;;;;
ENT-1000;H31;;;;;
ENT-2023;A26;;;;;
ENT-2023;A25;;;;;
ENT-2023;A24;;;;;
ENT-2023;A20;;;;;
ENT-2023;A21;;;;;
ENT-2023;A22;;;;;
ENT-2023;A23;;;;;
ENT-2023;A27;;;;;
ENT-2023;A28;;;;;
ENT-2023;A29;;;;;
ENT-2023;A30;;;;;
ENT-2023;A31;;;;;
ENT-3000;A26;DH1;D;5;12:30;15:20
ENT-3000;E26;DH1;D;5;12:30;15:20
ENT-3000;H26;DH1;D;5;12:30;15:20
ENT-3000;A20;;;;;
ENT-3000;A21;;;;;
ENT-3000;A22;;;;;
ENT-3000;A23;;;;;
ENT-3000;A24;;;;;
ENT-3000;A25;;;;;
ENT-3000;A27;;;;;
ENT-3000;A28;;;;;
ENT-3000;A29;;;;;
ENT-3000;A30;;;;;
ENT-3000;A31;;;;;
ENT-3000;E21;;;;;
ENT-3000;E22;;;;;
ENT-3000;E23;;;;;
ENT-3000;E24;;;;;
ENT-3000;E25;;;;;
ENT-3000;E27;;;;;
ENT-3000;E28;;;;;
ENT-3000;E29;;;;;
ENT-3000;E30;;;;;
ENT-3000;E31;;;;;
ENT-3000;H21;;;;;
ENT-3000;H22;;;;;
ENT-3000;H23;;;;;
ENT-3000;H24;;;;;
ENT-3000;H25;;;;;
ENT-3000;H27;;;;;
ENT-3000;H28;;;;;
ENT-3000;H29;;;;;
ENT-3000;H30;;;;;
ENT-3000;H31;;;;;
ENT-3010;A26;DH1;D;5;12:30;15:20
ENT-3010;E26;DH1;D;5;12:30;15:20
ENT-3010;H26;DH1;D;5;12:30;15:20
ENT-3010;A20;;;;;
ENT-3010;A21;;;;;
ENT-3010;A22;;;;;
ENT-3010;A23;;;;;
ENT-3010;A24;;;;;
ENT-3010;A25;;;;;
ENT-3010;A27;;;;;
ENT-3010;A28;;;;;
ENT-3010;A29;;;;;
ENT-3010;A30;;;;;
ENT-3010;A31;;;;;
ENT-3010;E21;;;;;
ENT-3010;E22;;;;;
ENT-3010;E23;;;;;
ENT-3010;E24;;;;;
ENT-3010;E25;;;;;
ENT-3010;E27;;;;;
ENT-3010;E28;;;;;
ENT-3010;E29;;;;;
ENT-3010;E30;;;;;
ENT-3010;E31;;;;;
ENT-3010;H21;;;;;
ENT-3010;H22;;;;;
ENT-3010;H23;;;;;
ENT-3010;H24;;;;;
ENT-3010;H25;;;;;
ENT-3010;H27;;;;;
ENT-3010;H28;;;;;
ENT-3010;H29;;;;;
ENT-3010;H30;;;;;
ENT-3010;H31;;;;;
ENT-4020;A26;A;P;2;17:30;20:20
ENT-4020;A26;A;P;4;17:30;19:20
ENT-4020;H26;A;P;2;17:30;20:20
ENT-4020;H26;A;P;4;17:30;19:20
ENT-4020;A25;A;P;2;17:30;20:20
ENT-4020;A25;A;P;4;17:30;19:20
ENT-4020;A20;;;;;
ENT-4020;A21;;;;;
ENT-4020;A22;;;;;
ENT-4020;A23;;;;;
ENT-4020;A24;;;;;
ENT-4020;A27;;;;;
ENT-4020;A28;;;;;
ENT-4020;A29;;;;;
ENT-4020;A30;;;;;
ENT-4020;A31;;;;;
ENT-4020;H21;;;;;
ENT-4020;H22;;;;;
ENT-4020;H23;;;;;
ENT-4020;H24;;;;;
ENT-4020;H25;;;;;
ENT-4020;H27;;;;;
ENT-4020;H28;;;;;
ENT-4020;H29;;;;;
ENT-4020;H30;;;;;
ENT-4020;H31;;;;;
GAE-2005;H25;;;;;
GAE-2005;H23;;;;;
GAE-2005;H21;;;;;
GAE-2005;H22;;;;;
GAE-2005;H24;;;;;
GAE-2005;H26;;;;;
GAE-2005;H27;;;;;
GAE-2005;H28;;;;;
GAE-2005;H29;;;;;
GAE-2005;H30;;;;;
GBO-2040;H26;A;P;2;12:30;15:20
GBO-2040;H26;A;P;3;08:30;10:20
GBO-2040;H26;B;P;2;12:30;15:20
GBO-2040;H26;B;P;3;10:30;12:20
GBO-2040;H25;A;P;2;12:30;15:20
GBO-2040;H25;A;P;3;08:30;10:20
GBO-2040;H25;B;P;2;12:30;15:20
GBO-2040;H25;B;P;3;10:30;12:20
GBO-2040;H21;;;;;
GBO-2040;H22;;;;;
GBO-2040;H23;;;;;
GBO-2040;H24;;;;;
GBO-2040;H27;;;;;
GBO-2040;H28;;;;;
GBO-2040;H29;;;;;
GBO-2040;H30;;;;;
GBO-2040;H31;;;;;
GBO-4070;H26;A;P;2;16:30;19:20
GBO-4070;H25;A;P;2;16:30;19:20
GBO-4070;H21;;;;;
GBO-4070;H22;;;;;
GBO-4070;H23;;;;;
GBO-4070;H24;;;;;
GBO-4070;H27;;;;;
GBO-4070;H28;;;;;
GBO-4070;H29;;;;;
GBO-4070;H30;;;;;
GBO-4070;H31;;;;;
GCI-2004;H26;A;P;1;10:30;12:20
GCI-2004;H26;A;P;3;10:30;12:20
GCI-2004;H26;A;P;3;12:30;13:20
GCI-2004;H25;A;P;3;10:30;12:20
GCI-2004;H25;A;P;3;12:30;13:20
GCI-2004;H25;A;P;5;08:30;10:20
GCI-2004;H21;;;;;
GCI-2004;H22;;;;;
GCI-2004;H23;;;;;
GCI-2004;H24;;;;;
GCI-2004;H27;;;;;
GCI-2004;H28;;;;;
GCI-2004;H29;;;;;
GCI-2004;H30;;;;;
GCI-2004;H31;;;;;
GCI-2007;H26;A;P;2;08:30;11:20
GCI-2007;H26;A;P;4;15:30;17:20
GCI-2007;H25;A;P;3;14:30;17:20
GCI-2007;H25;A;P;4;15:30;16:20
GCI-2007;H21;;;;;
GCI-2007;H22;;;;;
GCI-2007;H23;;;;;
GCI-2007;H24;;;;;
GCI-2007;H27;;;;;
GCI-2007;H28;;;;;
GCI-2007;H29;;;;;
GCI-2007;H30;;;;;
GCI-2007;H31;;;;;
GCI-3001;A26;H;H;1;12:30;15:20
GCI-3001;A25;H;H;1;12:30;15:20
GCI-3001;A24;H;H;1;12:30;15:20
GCI-3001;A20;;;;;
GCI-3001;A21;;;;;
GCI-3001;A22;;;;;
GCI-3001;A23;;;;;
GCI-3001;A27;;;;;
GCI-3001;A28;;;;;
GCI-3001;A29;;;;;
GCI-3001;A30;;;;;
GCI-3001;A31;;;;;
GCI-3002;A23;A;P;3;12:30;15:20
GCI-3002;A18;;;;;
GCI-3002;A19;;;;;
GCI-3002;A20;;;;;
GCI-3002;A21;;;;;
GCI-3002;A22;;;;;
GCI-3002;A24;;;;;
GCI-3002;A25;;;;;
GCI-3002;A26;;;;;
GCI-3002;A27;;;;;
GCI-3002;A28;;;;;
GEL-1000;A26;A;P;2;08:30;11:20
GEL-1000;A26;A;P;5;09:30;10:20
GEL-1000;A25;A;P;2;08:30;11:20
GEL-1000;A25;A;P;5;09:30;10:20
GEL-1000;A24;A;P;2;08:30;11:20
GEL-1000;A24;A;P;5;09:30;10:20
GEL-1000;A20;;;;;
GEL-1000;A21;;;;;
GEL-1000;A22;;;;;
GEL-1000;A23;;;;;
GEL-1000;A27;;;;;
GEL-1000;A28;;;;;
GEL-1000;A29;;;;;
GEL-1000;A30;;;;;
GEL-1000;A31;;;;;
GEL-2003;H26;A;P;2;08:30;10:20
GEL-2003;H26;A;P;4;08:30;11:20
GEL-2003;H26;A;P;4;12:30;13:20
GEL-2003;H26;A;P;4;13:30;14:20
GEL-2003;H26;B;P;2;08:30;10:20
GEL-2003;H26;B;P;2;13:30;16:20
GEL-2003;H26;B;P;4;12:30;13:20
GEL-2003;H26;B;P;4;13:30;14:20
GEL-2003;H26;C;P;2;08:30;10:20
GEL-2003;H26;C;P;2;10:30;13:20
GEL-2003;H26;C;P;4;12:30;13:20
GEL-2003;H26;C;P;4;13:30;14:20
GEL-2003;H25;A;P;2;08:30;10:20
GEL-2003;H25;A;P;4;08:30;11:20
GEL-2003;H25;A;P;4;12:30;13:20
GEL-2003;H25;A;P;4;13:30;14:20
GEL-2003;H25;B;P;2;08:30;10:20
GEL-2003;H25;B;P;2;13:30;16:20
GEL-2003;H25;B;P;4;12:30;13:20
GEL-2003;H25;B;P;4;13:30;14:20
GEL-2003;H21;;;;;
GEL-2003;H22;;;;;
GEL-2003;H23;;;;;
GEL-2003;H24;;;;;
GEL-2003;H27;;;;;
GEL-2003;H28;;;;;
GEL-2003;H29;;;;;
GEL-2003;H30;;;;;
GEL-2003;H31;;;;;
GEL-4100;A26;A;P;5;08:30;11:20
GEL-4100;A25;A;P;5;08:30;11:20
GEL-4100;A24;A;P;5;08:30;11:20
GEL-4100;A20;;;;;
GEL-4100;A21;;;;;
GEL-4100;A22;;;;;
GEL-4100;A23;;;;;
GEL-4100;A27;;;;;
GEL-4100;A28;;;;;
GEL-4100;A29;;;;;
GEL-4100;A30;;;;;
GEL-4100;A31;;;;;
GEL-4250;H25;A;P;3;08:30;11:20
GEL-4250;H23;A;P;3;08:30;11:20
GEL-4250;H21;;;;;
GEL-4250;H22;;;;;
GEL-4250;H24;;;;;
GEL-4250;H26;;;;;
GEL-4250;H27;;;;;
GEL-4250;H28;;;;;
GEL-4250;H29;;;;;
GEL-4250;H30;;;;;
GEL-4799;A26;;;;;
GEL-4799;H26;;;;;
GEL-4799;A25;;;;;
GEL-4799;A20;;;;;
GEL-4799;A21;;;;;
GEL-4799;A22;;;;;
GEL-4799;A23;;;;;
GEL-4799;A24;;;;;
GEL-4799;A27;;;;;
GEL-4799;A28;;;;;
GEL-4799;A29;;;;;
GEL-4799;A30;;;;;
GEL-4799;A31;;;;;
GEL-4799;H21;;;;;
GEL-4799;H22;;;;;
GEL-4799;H23;;;;;
GEL-4799;H24;;;;;
GEL-4799;H25;;;;;
GEL-4799;H27;;;;;
GEL-4799;H28;;;;;
GEL-4799;H29;;;;;
GEL-4799;H30;;;;;
GEL-4799;H31;;;;;
GIF-1003;A26;A;P;2;09:30;12:20
GIF-1003;A26;A;P;5;12:30;14:20
GIF-1003;A26;B;P;2;09:30;12:20
GIF-1003;A26;B;P;5;14:30;16:20
GIF-1003;A26;C;P;2;09:30;12:20
GIF-1003;A26;C;P;5;16:30;18:20
GIF-1003;H26;A;P;3;09:30;12:20
GIF-1003;H26;A;P;5;10:30;12:20
GIF-1003;H26;B;P;3;09:30;12:20
GIF-1003;H26;B;P;5;12:30;14:20
GIF-1003;H26;C;P;3;09:30;12:20
GIF-1003;H26;C;P;5;14:30;16:20
GIF-1003;H26;D;P;3;09:30;12:20
GIF-1003;H26;D;P;5;16:30;18:20
GIF-1003;A25;A;P;2;15:30;18:20
GIF-1003;A25;A;P;5;12:30;14:20
GIF-1003;A25;B;P;2;15:30;18:20
GIF-1003;A25;B;P;5;14:30;16:20
GIF-1003;A25;C;P;2;15:30;18:20
GIF-1003;A25;C;P;5;16:30;18:20
GIF-1003;A20;;;;;
GIF-1003;A21;;;;;
GIF-1003;A22;;;;;
GIF-1003;A23;;;;;
GIF-1003;A24;;;;;
GIF-1003;A27;;;;;
GIF-1003;A28;;;;;
GIF-1003;A29;;;;;
GIF-1003;A30;;;;;
GIF-1003;A31;;;;;
GIF-1003;H21;;;;;
GIF-1003;H22;;;;;
GIF-1003;H23;;;;;
GIF-1003;H24;;;;;
GIF-1003;H25;;;;;
GIF-1003;H27;;;;;
GIF-1003;H28;;;;;
GIF-1003;H29;;;;;
GIF-1003;H30;;;;;
GIF-1003;H31;;;;;
GIF-4101;A26;H;H;3;08:30;10:20
GIF-4101;A25;H;H;3;08:30;10:20
GIF-4101;A24;H;H;3;08:30;10:20
GIF-4101;A20;;;;;
GIF-4101;A21;;;;;
GIF-4101;A22;;;;;
GIF-4101;A23;;;;;
GIF-4101;A27;;;;;
GIF-4101;A28;;;;;
GIF-4101;A29;;;;;
GIF-4101;A30;;;;;
GIF-4101;A31;;;;;
GIN-2010;H26;A;P;1;08:30;10:20
GIN-2010;H26;A;P;1;10:30;12:20
GIN-2010;H26;A;P;4;13:30;15:20
GIN-2010;H25;A;P;1;08:30;10:20
GIN-2010;H25;A;P;1;10:30;12:20
GIN-2010;H25;A;P;4;13:30;15:20
GIN-2010;H21;;;;;
GIN-2010;H22;;;;;
GIN-2010;H23;;;;;
GIN-2010;H24;;;;;
GIN-2010;H27;;;;;
GIN-2010;H28;;;;;
GIN-2010;H29;;;;;
GIN-2010;H30;;;;;
GIN-2010;H31;;;;;
GIN-2110;A26;A;P;2;09:30;12:20
GIN-2110;A26;A;P;4;15:30;17:20
GIN-2110;A26;B;P;2;09:30;12:20
GIN-2110;A26;B;P;5;08:30;10:20
GIN-2110;A25;A;P;2;09:30;12:20
GIN-2110;A25;A;P;4;15:30;17:20
GIN-2110;A25;B;P;2;09:30;12:20
GIN-2110;A25;B;P;5;08:30;10:20
GIN-2110;A24;A;P;2;09:30;12:20
GIN-2110;A24;A;P;4;15:30;17:20
GIN-2110;A24;B;P;2;09:30;12:20
GIN-2110;A24;B;P;5;08:30;10:20
GIN-2110;A20;;;;;
GIN-2110;A21;;;;;
GIN-2110;A22;;;;;
GIN-2110;A23;;;;;
GIN-2110;A27;;;;;
GIN-2110;A28;;;;;
GIN-2110;A29;;;;;
GIN-2110;A30;;;;;
GIN-2110;A31;;;;;
GIN-3010;H26;A;P;3;08:30;11:20
GIN-3010;H25;A;P;3;08:30;11:20
GIN-3010;H21;;;;;
GIN-3010;H22;;;;;
GIN-3010;H23;;;;;
GIN-3010;H24;;;;;
GIN-3010;H27;;;;;
GIN-3010;H28;;;;;
GIN-3010;H29;;;;;
GIN-3010;H30;;;;;
GIN-3010;H31;;;;;
GIN-3110;A26;A;P;2;08:30;10:20
GIN-3110;A26;A;P;4;13:30;15:20
GIN-3110;A25;A;P;2;08:30;10:20
GIN-3110;A25;A;P;4;13:30;15:20
GIN-3110;A24;A;P;2;08:30;10:20
GIN-3110;A24;A;P;4;13:30;15:20
GIN-3110;A20;;;;;
GIN-3110;A21;;;;;
GIN-3110;A22;;;;;
GIN-3110;A23;;;;;
GIN-3110;A27;;;;;
GIN-3110;A28;;;;;
GIN-3110;A29;;;;;
GIN-3110;A30;;;;;
GIN-3110;A31;;;;;
GIN-3220;H26;A;P;2;10:30;12:20
GIN-3220;H26;A;P;4;11:30;13:20
GIN-3220;H25;A;P;2;10:30;12:20
GIN-3220;H25;A;P;4;10:30;12:20
GIN-3220;H21;;;;;
GIN-3220;H22;;;;;
GIN-3220;H23;;;;;
GIN-3220;H24;;;;;
GIN-3220;H27;;;;;
GIN-3220;H28;;;;;
GIN-3220;H29;;;;;
GIN-3220;H30;;;;;
GIN-3220;H31;;;;;
GIN-4003;H26;A;P;1;15:30;17:20
GIN-4003;H26;A;P;5;14:30;16:20
GIN-4003;H25;A;P;1;15:30;17:20
GIN-4003;H25;A;P;3;18:30;20:20
GIN-4003;H21;;;;;
GIN-4003;H22;;;;;
GIN-4003;H23;;;;;
GIN-4003;H24;;;;;
GIN-4003;H27;;;;;
GIN-4003;H28;;;;;
GIN-4003;H29;;;;;
GIN-4003;H30;;;;;
GIN-4003;H31;;;;;
GLO-1901;A26;HA;H;3;17:30;18:20
GLO-1901;A26;HB;H;3;17:30;18:20
GLO-1901;H26;HA;H;4;17:30;18:20
GLO-1901;H26;HB;H;4;17:30;18:20
GLO-1901;A25;HA;H;3;17:30;18:20
GLO-1901;A25;HB;H;3;17:30;18:20
GLO-1901;A25;HC;H;3;17:30;18:20
GLO-1901;A20;;;;;
GLO-1901;A21;;;;;
GLO-1901;A22;;;;;
GLO-1901;A23;;;;;
GLO-1901;A24;;;;;
GLO-1901;A27;;;;;
GLO-1901;A28;;;;;
GLO-1901;A29;;;;;
GLO-1901;A30;;;;;
GLO-1901;A31;;;;;
GLO-1901;H21;;;;;
GLO-1901;H22;;;;;
GLO-1901;H23;;;;;
GLO-1901;H24;;;;;
GLO-1901;H25;;;;;
GLO-1901;H27;;;;;
GLO-1901;H28;;;;;
GLO-1901;H29;;;;;
GLO-1901;H30;;;;;
GLO-1901;H31;;;;;
GLO-2100;A26;A;P;4;15:30;18:20
GLO-2100;A26;A;P;5;10:30;12:20
GLO-2100;A26;B;P;4;15:30;18:20
GLO-2100;A26;B;P;5;12:30;14:20
GLO-2100;A25;A;P;4;10:30;11:50
GLO-2100;A25;A;P;4;15:30;16:50
GLO-2100;A25;A;P;5;10:30;12:20
GLO-2100;A25;B;P;4;10:30;11:50
GLO-2100;A25;B;P;4;15:30;16:50
GLO-2100;A25;B;P;5;12:30;14:20
GLO-2100;A24;A;P;4;10:30;11:50
GLO-2100;A24;A;P;4;15:30;16:50
GLO-2100;A24;A;P;5;10:30;12:20
GLO-2100;A24;B;P;4;10:30;11:50
GLO-2100;A24;B;P;4;15:30;16:50
GLO-2100;A24;B;P;5;12:30;14:20
GLO-2100;A20;;;;;
GLO-2100;A21;;;;;
GLO-2100;A22;;;;;
GLO-2100;A23;;;;;
GLO-2100;A27;;;;;
GLO-2100;A28;;;;;
GLO-2100;A29;;;;;
GLO-2100;A30;;;;;
GLO-2100;A31;;;;;
GLO-4001;A25;A;P;4;09:30;12:20
GLO-4001;A25;A;P;5;08:30;10:20
GLO-4001;A25;B;P;4;09:30;12:20
GLO-4001;A25;B;P;5;10:30;12:20
GLO-4001;A24;A;P;4;09:30;12:20
GLO-4001;A24;A;P;5;08:30;10:20
GLO-4001;A24;B;P;4;09:30;12:20
GLO-4001;A24;B;P;5;10:30;12:20
GLO-4001;A20;;;;;
GLO-4001;A21;;;;;
GLO-4001;A22;;;;;
GLO-4001;A23;;;;;
GLO-4001;A26;;;;;
GLO-4001;A27;;;;;
GLO-4001;A28;;;;;
GLO-4001;A29;;;;;
GLO-4001;A30;;;;;
GMC-1001;A26;A;P;2;13:30;15:20
GMC-1001;A26;A;P;3;10:30;12:20
GMC-1001;A26;A;P;5;13:30;15:20
GMC-1001;H26;A;P;1;13:30;15:20
GMC-1001;H26;A;P;3;13:30;15:20
GMC-1001;H26;A;P;3;15:30;17:20
GMC-1001;A25;A;P;1;16:30;18:20
GMC-1001;A25;A;P;2;13:30;15:20
GMC-1001;A25;A;P;3;10:30;12:20
GMC-1001;A20;;;;;
GMC-1001;A21;;;;;
GMC-1001;A22;;;;;
GMC-1001;A23;;;;;
GMC-1001;A24;;;;;
GMC-1001;A27;;;;;
GMC-1001;A28;;;;;
GMC-1001;A29;;;;;
GMC-1001;A30;;;;;
GMC-1001;A31;;;;;
GMC-1001;H21;;;;;
GMC-1001;H22;;;;;
GMC-1001;H23;;;;;
GMC-1001;H24;;;;;
GMC-1001;H25;;;;;
GMC-1001;H27;;;;;
GMC-1001;H28;;;;;
GMC-1001;H29;;;;;
GMC-1001;H30;;;;;
GMC-1001;H31;;;;;
GMC-1002;A26;A;P;1;10:30;12:20
GMC-1002;A26;A;P;2;15:30;17:20
GMC-1002;A25;A;P;1;10:30;12:20
GMC-1002;A25;A;P;2;15:30;17:20
GMC-1002;A25;A;P;5;13:30;15:20
GMC-1002;A24;A;P;1;10:30;12:20
GMC-1002;A24;A;P;2;15:30;17:20
GMC-1002;A24;A;P;5;13:30;15:20
GMC-1002;A20;;;;;
GMC-1002;A21;;;;;
GMC-1002;A22;;;;;
GMC-1002;A23;;;;;
GMC-1002;A27;;;;;
GMC-1002;A28;;;;;
GMC-1002;A29;;;;;
GMC-1002;A30;;;;;
GMC-1002;A31;;;;;
GMC-1003;H26;A;P;4;11:30;13:20
GMC-1003;H26;A;P;5;13:30;15:20
GMC-1003;H26;A;P;5;15:30;17:20
GMC-1003;H25;A;P;4;11:30;13:20
GMC-1003;H25;A;P;5;13:30;15:20
GMC-1003;H25;A;P;5;15:30;17:20
GMC-1003;H21;;;;;
GMC-1003;H22;;;;;
GMC-1003;H23;;;;;
GMC-1003;H24;;;;;
GMC-1003;H27;;;;;
GMC-1003;H28;;;;;
GMC-1003;H29;;;;;
GMC-1003;H30;;;;;
GMC-1003;H31;;;;;
GMC-1004;A26;A;P;5;11:30;13:20
GMC-1004;A20;;;;;
GMC-1004;A21;;;;;
GMC-1004;A22;;;;;
GMC-1004;A23;;;;;
GMC-1004;A24;;;;;
GMC-1004;A27;;;;;
GMC-1004;A28;;;;;
GMC-1004;A29;;;;;
GMC-1004;A30;;;;;
GMC-1004;A31;;;;;
GMC-1005;H28;;;;;
GMC-1005;H29;;;;;
GMC-1005;H30;;;;;
GMC-1005;H31;;;;;
GMC-1024;A26;A;P;1;08:30;11:20
GMC-1024;A26;A;P;2;10:30;13:20
GMC-1024;A26;B;P;1;08:30;11:20
GMC-1024;A26;B;P;3;13:30;16:20
GMC-1024;A26;C;P;1;08:30;11:20
GMC-1024;A26;C;P;4;11:30;14:20
GMC-1024;A26;D;P;1;08:30;11:20
GMC-1024;A26;D;P;4;14:30;17:20
GMC-1024;H26;A;P;1;10:30;13:20
GMC-1024;H26;A;P;3;10:30;13:20
GMC-1024;A25;A;P;1;08:30;11:20
GMC-1024;A25;A;P;2;10:30;13:20
GMC-1024;A25;B;P;1;08:30;11:20
GMC-1024;A25;B;P;3;13:30;16:20
GMC-1024;A25;C;P;1;08:30;11:20
GMC-1024;A25;C;P;4;13:30;16:20
GMC-1024;A25;D;P;1;08:30;11:20
GMC-1024;A25;D;P;1;13:30;16:20
GMC-1024;A20;;;;;
GMC-1024;A21;;;;;
GMC-1024;A22;;;;;
GMC-1024;A23;;;;;
GMC-1024;A24;;;;;
GMC-1024;A27;;;;;
GMC-1024;A28;;;;;
GMC-1024;A29;;;;;
GMC-1024;A30;;;;;
GMC-1024;A31;;;;;
GMC-1024;H21;;;;;
GMC-1024;H22;;;;;
GMC-1024;H23;;;;;
GMC-1024;H24;;;;;
GMC-1024;H25;;;;;
GMC-1024;H27;;;;;
GMC-1024;H28;;;;;
GMC-1024;H29;;;;;
GMC-1024;H30;;;;;
GMC-1024;H31;;;;;
GMC-1300;H26;;;;;
GMC-1300;H25;;;;;
GMC-1300;H21;;;;;
GMC-1300;H22;;;;;
GMC-1300;H23;;;;;
GMC-1300;H24;;;;;
GMC-1300;H27;;;;;
GMC-1300;H28;;;;;
GMC-1300;H29;;;;;
GMC-1300;H30;;;;;
GMC-1300;H31;;;;;
GMC-2001;H26;A;P;2;10:30;12:20
GMC-2001;H26;A;P;3;08:30;10:20
GMC-2001;H26;A;P;5;10:30;12:20
GMC-2001;H25;A;P;2;10:30;12:20
GMC-2001;H25;A;P;3;08:30;10:20
GMC-2001;H25;A;P;5;10:30;12:20
GMC-2001;H21;;;;;
GMC-2001;H22;;;;;
GMC-2001;H23;;;;;
GMC-2001;H24;;;;;
GMC-2001;H27;;;;;
GMC-2001;H28;;;;;
GMC-2001;H29;;;;;
GMC-2001;H30;;;;;
GMC-2001;H31;;;;;
GMC-2002;A26;A;P;1;08:30;10:20
GMC-2002;A26;A;P;1;15:30;17:20
GMC-2002;A26;A;P;3;15:30;17:20
GMC-2002;A25;A;P;1;08:30;10:20
GMC-2002;A25;A;P;1;15:30;17:20
GMC-2002;A25;A;P;3;15:30;17:20
GMC-2002;A24;A;P;1;08:30;10:20
GMC-2002;A24;A;P;1;15:30;17:20
GMC-2002;A24;A;P;3;15:30;17:20
GMC-2002;A20;;;;;
GMC-2002;A21;;;;;
GMC-2002;A22;;;;;
GMC-2002;A23;;;;;
GMC-2002;A27;;;;;
GMC-2002;A28;;;;;
GMC-2002;A29;;;;;
GMC-2002;A30;;;;;
GMC-2002;A31;;;;;
GMC-2003;A26;A;P;2;10:30;12:20
GMC-2003;A26;A;P;3;10:30;12:20
GMC-2003;A26;A;P;5;13:30;15:20
GMC-2003;A25;A;P;2;10:30;12:20
GMC-2003;A25;A;P;3;10:30;12:20
GMC-2003;A25;A;P;5;11:30;13:20
GMC-2003;A24;A;P;2;10:30;12:20
GMC-2003;A24;A;P;3;10:30;12:20
GMC-2003;A24;A;P;5;11:30;13:20
GMC-2003;A20;;;;;
GMC-2003;A21;;;;;
GMC-2003;A22;;;;;
GMC-2003;A23;;;;;
GMC-2003;A27;;;;;
GMC-2003;A28;;;;;
GMC-2003;A29;;;;;
GMC-2003;A30;;;;;
GMC-2003;A31;;;;;
GMC-2003;H24;;;;;
GMC-2005;H26;A;P;2;15:30;17:20
GMC-2005;H26;A;P;3;15:30;17:20
GMC-2005;H26;A;P;4;15:30;17:20
GMC-2005;H25;A;P;2;15:30;17:20
GMC-2005;H25;A;P;3;15:30;17:20
GMC-2005;H25;A;P;4;15:30;17:20
GMC-2005;H21;;;;;
GMC-2005;H22;;;;;
GMC-2005;H23;;;;;
GMC-2005;H24;;;;;
GMC-2005;H27;;;;;
GMC-2005;H28;;;;;
GMC-2005;H29;;;;;
GMC-2005;H30;;;;;
GMC-2005;H31;;;;;
GMC-2006;A26;A;P;2;13:30;15:20
GMC-2006;A26;A;P;3;08:30;10:20
GMC-2006;A26;A;P;4;15:30;17:20
GMC-2006;A25;A;P;2;13:30;15:20
GMC-2006;A25;A;P;3;08:30;10:20
GMC-2006;A25;A;P;4;15:30;17:20
GMC-2006;A24;A;P;2;13:30;15:20
GMC-2006;A24;A;P;3;08:30;10:20
GMC-2006;A24;A;P;4;15:30;17:20
GMC-2006;A20;;;;;
GMC-2006;A21;;;;;
GMC-2006;A22;;;;;
GMC-2006;A23;;;;;
GMC-2006;A27;;;;;
GMC-2006;A28;;;;;
GMC-2006;A29;;;;;
GMC-2006;A30;;;;;
GMC-2006;A31;;;;;
GMC-2007;H26;A;P;1;14:30;16:20
GMC-2007;H26;A;P;1;16:30;18:20
GMC-2007;H26;A;P;3;13:30;15:20
GMC-2007;H26;B;P;1;14:30;16:20
GMC-2007;H26;B;P;3;08:30;10:20
GMC-2007;H26;B;P;3;13:30;15:20
GMC-2007;H25;A;P;1;14:30;16:20
GMC-2007;H25;A;P;1;16:30;18:20
GMC-2007;H25;A;P;3;13:30;15:20
GMC-2007;H25;B;P;1;14:30;16:20
GMC-2007;H25;B;P;3;08:30;10:20
GMC-2007;H25;B;P;3;13:30;15:20
GMC-2007;H21;;;;;
GMC-2007;H22;;;;;
GMC-2007;H23;;;;;
GMC-2007;H24;;;;;
GMC-2007;H27;;;;;
GMC-2007;H28;;;;;
GMC-2007;H29;;;;;
GMC-2007;H30;;;;;
GMC-2007;H31;;;;;
GMC-2008;H26;A;P;2;13:30;15:20
GMC-2008;H26;A;P;3;10:30;12:20
GMC-2008;H25;A;P;2;13:30;15:20
GMC-2008;H25;A;P;3;10:30;12:20
GMC-2008;H21;;;;;
GMC-2008;H22;;;;;
GMC-2008;H23;;;;;
GMC-2008;H24;;;;;
GMC-2008;H27;;;;;
GMC-2008;H28;;;;;
GMC-2008;H29;;;;;
GMC-2008;H30;;;;;
GMC-2008;H31;;;;;
GMC-2024;A26;A;P;5;08:30;12:20
GMC-2024;A26;B;P;4;11:30;15:20
GMC-2024;A25;A;P;5;08:30;11:20
GMC-2024;A24;A;P;5;08:30;11:20
GMC-2024;A20;;;;;
GMC-2024;A21;;;;;
GMC-2024;A22;;;;;
GMC-2024;A23;;;;;
GMC-2024;A27;;;;;
GMC-2024;A28;;;;;
GMC-2024;A29;;;;;
GMC-2024;A30;;;;;
GMC-2024;A31;;;;;
GMC-2024;H23;;;;;
GMC-2024;H24;;;;;
GMC-2025;H26;A;P;1;10:30;11:20
GMC-2025;H26;A;P;1;12:30;14:20
GMC-2025;H26;B;P;1;10:30;11:20
GMC-2025;H26;B;P;2;08:30;10:20
GMC-2025;H26;C;P;1;10:30;11:20
GMC-2025;H26;C;P;4;11:30;13:20
GMC-2025;H25;A;P;4;08:30;11:20
GMC-2025;A22;;;;;
GMC-2025;A23;;;;;
GMC-2025;A24;;;;;
GMC-2025;H21;;;;;
GMC-2025;H22;;;;;
GMC-2025;H23;;;;;
GMC-2025;H24;;;;;
GMC-2025;H27;;;;;
GMC-2025;H28;;;;;
GMC-2025;H29;;;;;
GMC-2025;H30;;;;;
GMC-2025;H31;;;;;
GMC-2580;A26;;;;;
GMC-2580;E26;;;;;
GMC-2580;H26;;;;;
GMC-2580;A20;;;;;
GMC-2580;A21;;;;;
GMC-2580;A22;;;;;
GMC-2580;A23;;;;;
GMC-2580;A24;;;;;
GMC-2580;A25;;;;;
GMC-2580;A27;;;;;
GMC-2580;A28;;;;;
GMC-2580;A29;;;;;
GMC-2580;A30;;;;;
GMC-2580;A31;;;;;
GMC-2580;E21;;;;;
GMC-2580;E22;;;;;
GMC-2580;E23;;;;;
GMC-2580;E24;;;;;
GMC-2580;E25;;;;;
GMC-2580;E27;;;;;
GMC-2580;E28;;;;;
GMC-2580;E29;;;;;
GMC-2580;E30;;;;;
GMC-2580;E31;;;;;
GMC-2580;H21;;;;;
GMC-2580;H22;;;;;
GMC-2580;H23;;;;;
GMC-2580;H24;;;;;
GMC-2580;H25;;;;;
GMC-2580;H27;;;;;
GMC-2580;H28;;;;;
GMC-2580;H29;;;;;
GMC-2580;H30;;;;;
GMC-2580;H31;;;;;
GMC-3000;H26;A;P;1;08:30;10:20
GMC-3000;H26;A;P;4;13:30;15:20
GMC-3000;H25;A;P;1;08:30;10:20
GMC-3000;H25;A;P;3;08:30;10:20
GMC-3000;H21;;;;;
GMC-3000;H22;;;;;
GMC-3000;H23;;;;;
GMC-3000;H24;;;;;
GMC-3000;H27;;;;;
GMC-3000;H28;;;;;
GMC-3000;H29;;;;;
GMC-3000;H30;;;;;
GMC-3000;H31;;;;;
GMC-3002;A26;A;P;1;13:30;15:20
GMC-3002;A26;A;P;1;15:30;17:20
GMC-3002;A26;A;P;3;10:30;12:20
GMC-3002;A26;B;P;1;13:30;15:20
GMC-3002;A26;B;P;1;17:30;19:20
GMC-3002;A26;B;P;3;10:30;12:20
GMC-3002;A26;C;P;1;13:30;15:20
GMC-3002;A26;C;P;1;19:30;21:20
GMC-3002;A26;C;P;3;10:30;12:20
GMC-3002;A26;D;P;1;13:30;15:20
GMC-3002;A26;D;P;2;15:30;17:20
GMC-3002;A26;D;P;3;10:30;12:20
GMC-3002;A26;E;P;1;13:30;15:20
GMC-3002;A26;E;P;2;17:30;19:20
GMC-3002;A26;E;P;3;10:30;12:20
GMC-3002;A26;F;P;1;13:30;15:20
GMC-3002;A26;F;P;2;19:30;21:20
GMC-3002;A26;F;P;3;10:30;12:20
GMC-3002;A25;A;P;1;13:30;15:20
GMC-3002;A25;A;P;1;15:30;18:20
GMC-3002;A25;A;P;3;10:30;12:20
GMC-3002;A25;B;P;1;13:30;15:20
GMC-3002;A25;B;P;2;15:30;18:20
GMC-3002;A25;B;P;3;10:30;12:20
GMC-3002;A25;C;P;1;13:30;15:20
GMC-3002;A25;C;P;2;18:30;21:20
GMC-3002;A25;C;P;3;10:30;12:20
GMC-3002;A25;D;P;1;13:30;15:20
GMC-3002;A25;D;P;1;18:30;21:20
GMC-3002;A25;D;P;3;10:30;12:20
GMC-3002;A24;A;P;1;13:30;15:20
GMC-3002;A24;A;P;1;15:30;18:20
GMC-3002;A24;A;P;3;10:30;12:20
GMC-3002;A24;B;P;1;13:30;15:20
GMC-3002;A24;B;P;2;15:30;18:20
GMC-3002;A24;B;P;3;10:30;12:20
GMC-3002;A24;C;P;1;13:30;15:20
GMC-3002;A24;C;P;2;18:30;21:20
GMC-3002;A24;C;P;3;10:30;12:20
GMC-3002;A24;D;P;1;13:30;15:20
GMC-3002;A24;D;P;1;18:30;21:20
GMC-3002;A24;D;P;3;10:30;12:20
GMC-3002;A20;;;;;
GMC-3002;A21;;;;;
GMC-3002;A22;;;;;
GMC-3002;A23;;;;;
GMC-3002;A27;;;;;
GMC-3002;A28;;;;;
GMC-3002;A29;;;;;
GMC-3002;A30;;;;;
GMC-3002;A31;;;;;
GMC-3002;E25;;;;;
GMC-3003;A26;A;P;3;15:30;17:20
GMC-3003;A26;A;P;5;13:30;15:20
GMC-3003;H26;A;P;2;10:30;12:20
GMC-3003;H26;A;P;5;08:30;10:20
GMC-3003;H25;A;P;2;10:30;12:20
GMC-3003;H25;A;P;5;08:30;10:20
GMC-3003;A20;;;;;
GMC-3003;A21;;;;;
GMC-3003;A27;;;;;
GMC-3003;A28;;;;;
GMC-3003;A29;;;;;
GMC-3003;A30;;;;;
GMC-3003;A31;;;;;
GMC-3003;H21;;;;;
GMC-3003;H22;;;;;
GMC-3003;H23;;;;;
GMC-3003;H24;;;;;
GMC-3005;A26;H;H;2;10:30;12:20
GMC-3005;A26;H;H;3;13:30;15:20
GMC-3005;A25;H;H;2;10:30;12:20
GMC-3005;A25;H;H;3;13:30;15:20
GMC-3005;A24;H;H;2;10:30;12:20
GMC-3005;A24;H;H;3;13:30;15:20
GMC-3005;A20;;;;;
GMC-3005;A21;;;;;
GMC-3005;A22;;;;;
GMC-3005;A23;;;;;
GMC-3005;A27;;;;;
GMC-3005;A28;;;;;
GMC-3005;A29;;;;;
GMC-3005;A30;;;;;
GMC-3005;A31;;;;;
GMC-3006;H26;A;P;4;11:30;13:20
GMC-3006;H26;A;P;5;10:30;12:20
GMC-3006;H26;B;P;2;15:30;17:20
GMC-3006;H26;B;P;5;10:30;12:20
GMC-3006;H26;C;P;3;08:30;10:20
GMC-3006;H26;C;P;5;10:30;12:20
GMC-3006;H26;D;P;3;15:30;17:20
GMC-3006;H26;D;P;5;10:30;12:20
GMC-3006;H26;E;P;2;13:30;15:20
GMC-3006;H26;E;P;5;10:30;12:20
GMC-3006;H25;A;P;4;11:30;13:20
GMC-3006;H25;A;P;5;10:30;12:20
GMC-3006;H25;B;P;2;15:30;17:20
GMC-3006;H25;B;P;5;10:30;12:20
GMC-3006;H25;C;P;3;08:30;10:20
GMC-3006;H25;C;P;5;10:30;12:20
GMC-3006;H25;D;P;3;15:30;17:20
GMC-3006;H25;D;P;5;10:30;12:20
GMC-3006;H25;E;P;2;13:30;15:20
GMC-3006;H25;E;P;5;10:30;12:20
GMC-3006;H21;;;;;
GMC-3006;H22;;;;;
GMC-3006;H23;;;;;
GMC-3006;H24;;;;;
GMC-3006;H27;;;;;
GMC-3006;H28;;;;;
GMC-3006;H29;;;;;
GMC-3006;H30;;;;;
GMC-3006;H31;;;;;
GMC-3009;A26;;;;;
GMC-3009;A25;;;;;
GMC-3009;A24;;;;;
GMC-3009;A20;;;;;
GMC-3009;A21;;;;;
GMC-3009;A22;;;;;
GMC-3009;A23;;;;;
GMC-3009;A27;;;;;
GMC-3009;A28;;;;;
GMC-3009;A29;;;;;
GMC-3009;A30;;;;;
GMC-3009;A31;;;;;
GMC-3012;A26;A;P;1;15:30;17:20
GMC-3012;A26;A;P;3;15:30;17:20
GMC-3012;A25;A;P;1;15:30;17:20
GMC-3012;A25;A;P;3;15:30;17:20
GMC-3012;A24;A;P;1;15:30;17:20
GMC-3012;A24;A;P;3;15:30;17:20
GMC-3012;A20;;;;;
GMC-3012;A21;;;;;
GMC-3012;A22;;;;;
GMC-3012;A23;;;;;
GMC-3012;A27;;;;;
GMC-3012;A28;;;;;
GMC-3012;A29;;;;;
GMC-3012;A30;;;;;
GMC-3012;A31;;;;;
GMC-3015;H26;A;P;2;08:30;10:20
GMC-3015;H26;A;P;3;08:30;10:20
GMC-3015;H25;A;P;2;08:30;10:20
GMC-3015;H25;A;P;3;08:30;10:20
GMC-3015;H21;;;;;
GMC-3015;H22;;;;;
GMC-3015;H23;;;;;
GMC-3015;H24;;;;;
GMC-3015;H27;;;;;
GMC-3015;H28;;;;;
GMC-3015;H29;;;;;
GMC-3015;H30;;;;;
GMC-3015;H31;;;;;
GMC-3016;A26;H;H;1;08:30;12:20
GMC-3016;A25;A;P;1;08:30;12:20
GMC-3016;A25;A;P;1;09:30;12:20
GMC-3016;A24;A;P;1;17:30;20:20
GMC-3016;A20;;;;;
GMC-3016;A21;;;;;
GMC-3016;A22;;;;;
GMC-3016;A23;;;;;
GMC-3016;A27;;;;;
GMC-3016;A28;;;;;
GMC-3016;A29;;;;;
GMC-3016;A30;;;;;
GMC-3016;A31;;;;;
GMC-3020;A26;A;P;1;13:30;15:20
GMC-3020;E26;A;P;1;08:30;11:20
GMC-3020;E26;A;P;1;08:30;12:20
GMC-3020;H26;A;P;1;13:30;15:20
GMC-3020;A20;;;;;
GMC-3020;A21;;;;;
GMC-3020;A22;;;;;
GMC-3020;A23;;;;;
GMC-3020;A24;;;;;
GMC-3020;A25;;;;;
GMC-3020;A27;;;;;
GMC-3020;A28;;;;;
GMC-3020;A29;;;;;
GMC-3020;A30;;;;;
GMC-3020;A31;;;;;
GMC-3020;E21;;;;;
GMC-3020;E22;;;;;
GMC-3020;E23;;;;;
GMC-3020;E24;;;;;
GMC-3020;E25;;;;;
GMC-3020;E27;;;;;
GMC-3020;E28;;;;;
GMC-3020;E29;;;;;
GMC-3020;E30;;;;;
GMC-3020;E31;;;;;
GMC-3020;H21;;;;;
GMC-3020;H22;;;;;
GMC-3020;H23;;;;;
GMC-3020;H24;;;;;
GMC-3020;H25;;;;;
GMC-3020;H27;;;;;
GMC-3020;H28;;;;;
GMC-3020;H29;;;;;
GMC-3020;H30;;;;;
GMC-3020;H31;;;;;
GMC-3024;A26;A;P;4;08:30;11:20
GMC-3024;A25;A;P;4;08:30;11:20
GMC-3024;A24;A;P;4;08:30;11:20
GMC-3024;A20;;;;;
GMC-3024;A21;;;;;
GMC-3024;A22;;;;;
GMC-3024;A23;;;;;
GMC-3024;A27;;;;;
GMC-3024;A28;;;;;
GMC-3024;A29;;;;;
GMC-3024;A30;;;;;
GMC-3024;A31;;;;;
GMC-3024;H23;;;;;
GMC-3024;H24;;;;;
GMC-3025;A26;A;P;4;11:30;14:20
GMC-3025;H26;A;P;4;08:30;11:20
GMC-3025;A25;A;P;4;11:30;14:20
GMC-3025;A20;;;;;
GMC-3025;A21;;;;;
GMC-3025;A22;;;;;
GMC-3025;A23;;;;;
GMC-3025;A24;;;;;
GMC-3025;A27;;;;;
GMC-3025;A28;;;;;
GMC-3025;A29;;;;;
GMC-3025;A30;;;;;
GMC-3025;A31;;;;;
GMC-3025;H21;;;;;
GMC-3025;H22;;;;;
GMC-3025;H23;;;;;
GMC-3025;H24;;;;;
GMC-3025;H25;;;;;
GMC-3025;H27;;;;;
GMC-3025;H28;;;;;
GMC-3025;H29;;;;;
GMC-3025;H30;;;;;
GMC-3025;H31;;;;;
GMC-3034;A26;A;P;5;08:30;11:20
GMC-3034;H26;A;P;5;08:30;11:20
GMC-3034;A25;A;P;5;08:30;11:20
GMC-3034;A20;;;;;
GMC-3034;A21;;;;;
GMC-3034;A22;;;;;
GMC-3034;A23;;;;;
GMC-3034;A24;;;;;
GMC-3034;A27;;;;;
GMC-3034;A28;;;;;
GMC-3034;A29;;;;;
GMC-3034;A30;;;;;
GMC-3034;A31;;;;;
GMC-3034;E27;;;;;
GMC-3034;H21;;;;;
GMC-3034;H22;;;;;
GMC-3034;H23;;;;;
GMC-3034;H24;;;;;
GMC-3034;H25;;;;;
GMC-3034;H27;;;;;
GMC-3034;H28;;;;;
GMC-3034;H29;;;;;
GMC-3034;H30;;;;;
GMC-3034;H31;;;;;
GMC-3035;A26;A;P;5;11:30;14:20
GMC-3035;H26;A;P;5;11:30;14:20
GMC-3035;A25;A;P;5;11:30;14:20
GMC-3035;A20;;;;;
GMC-3035;A21;;;;;
GMC-3035;A22;;;;;
GMC-3035;A23;;;;;
GMC-3035;A24;;;;;
GMC-3035;A27;;;;;
GMC-3035;A28;;;;;
GMC-3035;A29;;;;;
GMC-3035;A30;;;;;
GMC-3035;A31;;;;;
GMC-3035;E27;;;;;
GMC-3035;H21;;;;;
GMC-3035;H22;;;;;
GMC-3035;H23;;;;;
GMC-3035;H24;;;;;
GMC-3035;H25;;;;;
GMC-3035;H27;;;;;
GMC-3035;H28;;;;;
GMC-3035;H29;;;;;
GMC-3035;H30;;;;;
GMC-3035;H31;;;;;
GMC-3300;A26;A;P;2;10:30;12:20
GMC-3300;A26;A;P;4;13:30;17:20
GMC-3300;A25;A;P;2;10:30;12:20
GMC-3300;A25;A;P;4;13:30;17:20
GMC-3300;A24;A;P;2;10:30;12:20
GMC-3300;A24;A;P;4;13:30;17:20
GMC-3300;A20;;;;;
GMC-3300;A21;;;;;
GMC-3300;A22;;;;;
GMC-3300;A23;;;;;
GMC-3300;A27;;;;;
GMC-3300;A28;;;;;
GMC-3300;A29;;;;;
GMC-3300;A30;;;;;
GMC-3300;A31;;;;;
GMC-3351;H26;A;P;1;10:30;12:20
GMC-3351;H26;A;P;3;13:30;15:20
GMC-3351;H25;A;P;1;10:30;12:20
GMC-3351;H25;A;P;3;13:30;15:20
GMC-3351;H21;;;;;
GMC-3351;H22;;;;;
GMC-3351;H23;;;;;
GMC-3351;H24;;;;;
GMC-3351;H27;;;;;
GMC-3351;H28;;;;;
GMC-3351;H29;;;;;
GMC-3351;H30;;;;;
GMC-3351;H31;;;;;
GMC-3550;A26;;;;;
GMC-3550;E26;;;;;
GMC-3550;H26;;;;;
GMC-3550;A20;;;;;
GMC-3550;A21;;;;;
GMC-3550;A22;;;;;
GMC-3550;A23;;;;;
GMC-3550;A24;;;;;
GMC-3550;A27;;;;;
GMC-3550;A28;;;;;
GMC-3550;A29;;;;;
GMC-3550;A30;;;;;
GMC-3550;A31;;;;;
GMC-3550;E21;;;;;
GMC-3550;E22;;;;;
GMC-3550;E23;;;;;
GMC-3550;E24;;;;;
GMC-3550;E25;;;;;
GMC-3550;E27;;;;;
GMC-3550;E28;;;;;
GMC-3550;E29;;;;;
GMC-3550;E30;;;;;
GMC-3550;E31;;;;;
GMC-3550;H21;;;;;
GMC-3550;H22;;;;;
GMC-3550;H23;;;;;
GMC-3550;H24;;;;;
GMC-3550;H25;;;;;
GMC-3550;H27;;;;;
GMC-3550;H28;;;;;
GMC-3550;H29;;;;;
GMC-3550;H30;;;;;
GMC-3550;H31;;;;;
GMC-3551;A26;;;;;
GMC-3551;E26;;;;;
GMC-3551;H26;;;;;
GMC-3551;A20;;;;;
GMC-3551;A21;;;;;
GMC-3551;A22;;;;;
GMC-3551;A23;;;;;
GMC-3551;A24;;;;;
GMC-3551;A27;;;;;
GMC-3551;A28;;;;;
GMC-3551;A29;;;;;
GMC-3551;A30;;;;;
GMC-3551;A31;;;;;
GMC-3551;E21;;;;;
GMC-3551;E22;;;;;
GMC-3551;E23;;;;;
GMC-3551;E24;;;;;
GMC-3551;E25;;;;;
GMC-3551;E27;;;;;
GMC-3551;E28;;;;;
GMC-3551;E29;;;;;
GMC-3551;E30;;;;;
GMC-3551;E31;;;;;
GMC-3551;H21;;;;;
GMC-3551;H22;;;;;
GMC-3551;H23;;;;;
GMC-3551;H24;;;;;
GMC-3551;H25;;;;;
GMC-3551;H27;;;;;
GMC-3551;H28;;;;;
GMC-3551;H29;;;;;
GMC-3551;H30;;;;;
GMC-3551;H31;;;;;
GMC-4048;A26;A;P;1;10:30;12:20
GMC-4048;A26;A;P;3;08:30;10:20
GMC-4048;A25;A;P;1;10:30;12:20
GMC-4048;A25;A;P;3;08:30;10:20
GMC-4048;A24;A;P;1;10:30;12:20
GMC-4048;A24;A;P;3;08:30;10:20
GMC-4048;A20;;;;;
GMC-4048;A21;;;;;
GMC-4048;A22;;;;;
GMC-4048;A23;;;;;
GMC-4048;A27;;;;;
GMC-4048;A28;;;;;
GMC-4048;A29;;;;;
GMC-4048;A30;;;;;
GMC-4048;A31;;;;;
GMC-4054;A26;A;P;2;13:30;15:20
GMC-4054;A26;A;P;3;08:30;10:20
GMC-4054;A25;A;P;2;13:30;15:20
GMC-4054;A25;A;P;3;08:30;10:20
GMC-4054;A24;A;P;2;13:30;15:20
GMC-4054;A24;A;P;3;08:30;10:20
GMC-4054;A20;;;;;
GMC-4054;A21;;;;;
GMC-4054;A22;;;;;
GMC-4054;A23;;;;;
GMC-4054;A27;;;;;
GMC-4054;A28;;;;;
GMC-4054;A29;;;;;
GMC-4054;A30;;;;;
GMC-4054;A31;;;;;
GMC-4055;H26;A;P;2;17:30;20:20
GMC-4055;H25;A;P;2;17:30;20:20
GMC-4055;H21;;;;;
GMC-4055;H22;;;;;
GMC-4055;H23;;;;;
GMC-4055;H24;;;;;
GMC-4055;H27;;;;;
GMC-4055;H28;;;;;
GMC-4055;H29;;;;;
GMC-4055;H30;;;;;
GMC-4055;H31;;;;;
GMC-4100;H26;A;P;2;13:30;15:20
GMC-4100;H26;A;P;3;10:30;12:20
GMC-4100;H25;A;P;2;13:30;15:20
GMC-4100;H25;A;P;3;10:30;12:20
GMC-4100;H21;;;;;
GMC-4100;H22;;;;;
GMC-4100;H23;;;;;
GMC-4100;H24;;;;;
GMC-4100;H27;;;;;
GMC-4100;H28;;;;;
GMC-4100;H29;;;;;
GMC-4100;H30;;;;;
GMC-4100;H31;;;;;
GMC-4150;A25;A;P;2;15:30;17:20
GMC-4150;A25;A;P;4;14:30;16:20
GMC-4150;A24;A;P;2;15:30;17:20
GMC-4150;A24;A;P;4;14:30;16:20
GMC-4150;A20;;;;;
GMC-4150;A21;;;;;
GMC-4150;A22;;;;;
GMC-4150;A23;;;;;
GMC-4150;A26;;;;;
GMC-4150;A27;;;;;
GMC-4150;A28;;;;;
GMC-4150;A29;;;;;
GMC-4150;A30;;;;;
GMC-4150;H23;;;;;
GMC-4151;H22;A;P;2;08:30;10:20
GMC-4151;H22;A;P;4;15:30;17:20
GMC-4151;H21;;;;;
GMC-4151;H23;;;;;
GMC-4151;H24;;;;;
GMC-4151;H25;;;;;
GMC-4151;H26;;;;;
GMC-4151;H27;;;;;
GMC-4200;H26;A;P;2;08:30;10:20
GMC-4200;H26;A;P;3;08:30;10:20
GMC-4200;H25;A;P;2;08:30;10:20
GMC-4200;H25;A;P;3;08:30;10:20
GMC-4200;H21;;;;;
GMC-4200;H22;;;;;
GMC-4200;H23;;;;;
GMC-4200;H24;;;;;
GMC-4200;H27;;;;;
GMC-4200;H28;;;;;
GMC-4200;H29;;;;;
GMC-4200;H30;;;;;
GMC-4200;H31;;;;;
GMC-4201;H26;A;P;2;08:30;10:20
GMC-4201;H26;A;P;2;10:30;12:20
GMC-4201;H26;A;P;3;15:30;17:20
GMC-4201;H25;A;P;2;08:30;10:20
GMC-4201;H25;A;P;2;10:30;12:20
GMC-4201;H25;A;P;3;15:30;17:20
GMC-4201;H21;;;;;
GMC-4201;H22;;;;;
GMC-4201;H23;;;;;
GMC-4201;H24;;;;;
GMC-4201;H27;;;;;
GMC-4201;H28;;;;;
GMC-4201;H29;;;;;
GMC-4201;H30;;;;;
GMC-4201;H31;;;;;
GMC-4202;A26;A;P;2;08:30;10:20
GMC-4202;A26;A;P;3;15:30;18:20
GMC-4202;A25;A;P;2;08:30;10:20
GMC-4202;A25;A;P;3;15:30;18:20
GMC-4202;A24;A;P;2;08:30;10:20
GMC-4202;A24;A;P;3;15:30;18:20
GMC-4202;A20;;;;;
GMC-4202;A21;;;;;
GMC-4202;A22;;;;;
GMC-4202;A23;;;;;
GMC-4202;A27;;;;;
GMC-4202;A28;;;;;
GMC-4202;A29;;;;;
GMC-4202;A30;;;;;
GMC-4202;A31;;;;;
GMC-4250;A26;H;H;3;13:30;15:20
GMC-4250;A25;H;H;3;13:30;15:20
GMC-4250;A24;H;H;3;13:30;15:20
GMC-4250;A20;;;;;
GMC-4250;A21;;;;;
GMC-4250;A22;;;;;
GMC-4250;A23;;;;;
GMC-4250;A27;;;;;
GMC-4250;A28;;;;;
GMC-4250;A29;;;;;
GMC-4250;A30;;;;;
GMC-4250;A31;;;;;
GMC-4350;A26;A;P;2;15:30;17:20
GMC-4350;A26;A;P;4;14:30;16:20
GMC-4350;H25;A;P;2;13:30;15:20
GMC-4350;H25;A;P;3;10:30;12:20
GMC-4350;H24;A;P;2;13:30;15:20
GMC-4350;H24;A;P;3;10:30;12:20
GMC-4350;A20;;;;;
GMC-4350;A21;;;;;
GMC-4350;A22;;;;;
GMC-4350;A23;;;;;
GMC-4350;A24;;;;;
GMC-4350;A27;;;;;
GMC-4350;A28;;;;;
GMC-4350;A29;;;;;
GMC-4350;A30;;;;;
GMC-4350;A31;;;;;
GMC-4350;H21;;;;;
GMC-4350;H22;;;;;
GMC-4350;H23;;;;;
GMC-4350;H26;;;;;
GMC-4350;H27;;;;;
GMC-4350;H28;;;;;
GMC-4350;H29;;;;;
GMC-4350;H30;;;;;
GMC-4351;A26;A;P;1;09:30;12:20
GMC-4351;A26;A;P;4;08:30;10:20
GMC-4351;A25;A;P;1;09:30;12:20
GMC-4351;A25;A;P;4;08:30;10:20
GMC-4351;A24;A;P;1;09:30;12:20
GMC-4351;A24;A;P;4;08:30;10:20
GMC-4351;A20;;;;;
GMC-4351;A21;;;;;
GMC-4351;A22;;;;;
GMC-4351;A23;;;;;
GMC-4351;A27;;;;;
GMC-4351;A28;;;;;
GMC-4351;A29;;;;;
GMC-4351;A30;;;;;
GMC-4351;A31;;;;;
GML-1001;A26;A;P;2;08:30;10:20
GML-1001;A26;A;P;4;08:30;10:20
GML-1001;H26;;;;;
GML-1001;A25;A;P;2;08:30;10:20
GML-1001;A25;A;P;4;08:30;10:20
GML-1001;A20;;;;;
GML-1001;A21;;;;;
GML-1001;A22;;;;;
GML-1001;A23;;;;;
GML-1001;A24;;;;;
GML-1001;A27;;;;;
GML-1001;A28;;;;;
GML-1001;A29;;;;;
GML-1001;A30;;;;;
GML-1001;A31;;;;;
GML-1001;H21;;;;;
GML-1001;H22;;;;;
GML-1001;H23;;;;;
GML-1001;H24;;;;;
GML-1001;H25;;;;;
GML-1001;H27;;;;;
GML-1001;H28;;;;;
GML-1001;H29;;;;;
GML-1001;H30;;;;;
GML-1001;H31;;;;;
GML-2007;A26;A;P;2;08:30;10:20
GML-2007;A26;A;P;2;14:30;16:20
GML-2007;A26;A;P;3;13:30;16:20
GML-2007;A25;A;P;2;08:30;10:20
GML-2007;A25;A;P;2;14:30;16:20
GML-2007;A25;A;P;3;13:30;16:20
GML-2007;A24;A;P;2;08:30;10:20
GML-2007;A24;A;P;2;14:30;16:20
GML-2007;A24;A;P;3;13:30;16:20
GML-2007;A20;;;;;
GML-2007;A21;;;;;
GML-2007;A22;;;;;
GML-2007;A23;;;;;
GML-2007;A27;;;;;
GML-2007;A28;;;;;
GML-2007;A29;;;;;
GML-2007;A30;;;;;
GML-2007;A31;;;;;
GML-2251;H26;A;P;2;12:30;15:20
GML-2251;H26;A;P;4;13:30;16:20
GML-2251;H25;A;P;2;12:30;15:20
GML-2251;H25;A;P;4;13:30;16:20
GML-2251;H21;;;;;
GML-2251;H22;;;;;
GML-2251;H23;;;;;
GML-2251;H24;;;;;
GML-2251;H27;;;;;
GML-2251;H28;;;;;
GML-2251;H29;;;;;
GML-2251;H30;;;;;
GML-2251;H31;;;;;
GML-3000;A26;A;P;2;08:30;11:20
GML-3000;A25;A;P;2;08:30;11:20
GML-3000;A24;A;P;2;08:30;11:20
GML-3000;A20;;;;;
GML-3000;A21;;;;;
GML-3000;A22;;;;;
GML-3000;A23;;;;;
GML-3000;A27;;;;;
GML-3000;A28;;;;;
GML-3000;A29;;;;;
GML-3000;A30;;;;;
GML-3000;A31;;;;;
GML-4151;E26;A;P;4;10:30;12:20
GML-4151;E26;A;P;5;10:30;12:20
GML-4151;E25;A;P;4;10:30;12:20
GML-4151;E25;A;P;5;11:30;13:20
GML-4151;E21;;;;;
GML-4151;E22;;;;;
GML-4151;E23;;;;;
GML-4151;E24;;;;;
GML-4151;E27;;;;;
GML-4151;E28;;;;;
GML-4151;E29;;;;;
GML-4151;E30;;;;;
GML-4151;E31;;;;;
GMN-2900;H26;Z3;D;2;10:30;12:20
GMN-2900;H25;Z3;D;2;10:30;12:20
GMN-2900;H21;;;;;
GMN-2900;H22;;;;;
GMN-2900;H23;;;;;
GMN-2900;H24;;;;;
GMN-2900;H27;;;;;
GMN-2900;H28;;;;;
GMN-2900;H29;;;;;
GMN-2900;H30;;;;;
GMN-2900;H31;;;;;
GMN-2902;H26;Z3;D;2;10:30;12:20
GMN-2902;H25;Z3;D;2;10:30;12:20
GMN-2902;H21;;;;;
GMN-2902;H22;;;;;
GMN-2902;H23;;;;;
GMN-2902;H24;;;;;
GMN-2902;H27;;;;;
GMN-2902;H28;;;;;
GMN-2902;H29;;;;;
GMN-2902;H30;;;;;
GMN-2902;H31;;;;;
GSO-2105;H26;A;P;1;09:00;11:50
GSO-2105;H25;A;P;1;09:00;11:50
GSO-2105;H21;;;;;
GSO-2105;H22;;;;;
GSO-2105;H23;;;;;
GSO-2105;H24;;;;;
GSO-2105;H27;;;;;
GSO-2105;H28;;;;;
GSO-2105;H29;;;;;
GSO-2105;H30;;;;;
GSO-2105;H31;;;;;
GSO-3103;A26;H1;H;3;12:40;15:20
GSO-3103;A25;H1;H;3;12:40;15:20
GSO-3103;A24;;;;;
GSO-3103;A20;;;;;
GSO-3103;A21;;;;;
GSO-3103;A22;;;;;
GSO-3103;A23;;;;;
GSO-3103;A27;;;;;
GSO-3103;A28;;;;;
GSO-3103;A29;;;;;
GSO-3103;A30;;;;;
GSO-3103;A31;;;;;
IFT-1903;A26;A;P;1;12:30;14:20
IFT-1903;A26;A;P;5;08:30;10:20
IFT-1903;A26;B;P;1;14:30;16:20
IFT-1903;A26;B;P;5;08:30;10:20
IFT-1903;A26;C;P;1;16:30;18:20
IFT-1903;A26;C;P;5;08:30;10:20
IFT-1903;A26;D;P;1;18:30;20:20
IFT-1903;A26;D;P;5;08:30;10:20
IFT-1903;H26;Z3;D;1;08:30;10:20
IFT-1903;H26;Z3;D;2;16:30;18:20
IFT-1903;H26;Z3;D;4;12:30;13:20
IFT-1903;H25;Z3;D;1;08:30;10:20
IFT-1903;H25;Z3;D;2;16:30;18:20
IFT-1903;H25;Z3;D;4;12:30;13:20
IFT-1903;A20;;;;;
IFT-1903;A21;;;;;
IFT-1903;A22;;;;;
IFT-1903;A23;;;;;
IFT-1903;A24;;;;;
IFT-1903;A27;;;;;
IFT-1903;A28;;;;;
IFT-1903;A29;;;;;
IFT-1903;A30;;;;;
IFT-1903;A31;;;;;
IFT-1903;H21;;;;;
IFT-1903;H22;;;;;
IFT-1903;H23;;;;;
IFT-1903;H24;;;;;
IFT-1903;H27;;;;;
IFT-1903;H28;;;;;
IFT-1903;H29;;;;;
IFT-1903;H30;;;;;
IFT-1903;H31;;;;;
IFT-4102;A25;Z3;D;4;09:30;12:20
IFT-4102;A24;Z3;D;4;09:30;12:20
IFT-4102;A20;;;;;
IFT-4102;A21;;;;;
IFT-4102;A22;;;;;
IFT-4102;A23;;;;;
IFT-4102;A26;;;;;
IFT-4102;A27;;;;;
IFT-4102;A28;;;;;
IFT-4102;A29;;;;;
IFT-4102;A30;;;;;
MAT-0130;A26;A;P;1;15:30;18:20
MAT-0130;A26;B;P;2;12:30;15:20
MAT-0130;A26;C;P;2;15:30;18:20
MAT-0130;A26;D;P;3;15:30;18:20
MAT-0130;A26;E;P;5;08:30;11:20
MAT-0130;E26;;;;;
MAT-0130;H26;A;P;1;15:30;18:20
MAT-0130;H26;B;P;2;12:30;15:20
MAT-0130;H26;C;P;3;15:30;18:20
MAT-0130;A20;;;;;
MAT-0130;A21;;;;;
MAT-0130;A22;;;;;
MAT-0130;A23;;;;;
MAT-0130;A24;;;;;
MAT-0130;A25;;;;;
MAT-0130;A27;;;;;
MAT-0130;A28;;;;;
MAT-0130;A29;;;;;
MAT-0130;A30;;;;;
MAT-0130;A31;;;;;
MAT-0130;E21;;;;;
MAT-0130;E22;;;;;
MAT-0130;E23;;;;;
MAT-0130;E24;;;;;
MAT-0130;E25;;;;;
MAT-0130;E27;;;;;
MAT-0130;E28;;;;;
MAT-0130;E29;;;;;
MAT-0130;E30;;;;;
MAT-0130;E31;;;;;
MAT-0130;H21;;;;;
MAT-0130;H22;;;;;
MAT-0130;H23;;;;;
MAT-0130;H24;;;;;
MAT-0130;H25;;;;;
MAT-0130;H27;;;;;
MAT-0130;H28;;;;;
MAT-0130;H29;;;;;
MAT-0130;H30;;;;;
MAT-0130;H31;;;;;
MAT-0150;A26;A;P;1;08:30;10:20
MAT-0150;A26;A;P;4;08:30;10:20
MAT-0150;A26;B;P;1;18:30;20:20
MAT-0150;A26;B;P;4;18:30;20:20
MAT-0150;A26;C;P;1;12:30;14:20
MAT-0150;A26;C;P;4;12:30;14:20
MAT-0150;A26;D;P;1;15:30;17:20
MAT-0150;A26;D;P;4;15:30;17:20
MAT-0150;E26;;;;;
MAT-0150;H26;A;P;1;08:30;10:20
MAT-0150;H26;A;P;4;08:30;10:20
MAT-0150;H26;B;P;1;12:30;14:20
MAT-0150;H26;B;P;4;12:30;14:20
MAT-0150;A20;;;;;
MAT-0150;A21;;;;;
MAT-0150;A22;;;;;
MAT-0150;A23;;;;;
MAT-0150;A24;;;;;
MAT-0150;A25;;;;;
MAT-0150;A27;;;;;
MAT-0150;A28;;;;;
MAT-0150;A29;;;;;
MAT-0150;A30;;;;;
MAT-0150;A31;;;;;
MAT-0150;E21;;;;;
MAT-0150;E22;;;;;
MAT-0150;E23;;;;;
MAT-0150;E24;;;;;
MAT-0150;E25;;;;;
MAT-0150;E27;;;;;
MAT-0150;E28;;;;;
MAT-0150;E29;;;;;
MAT-0150;E30;;;;;
MAT-0150;E31;;;;;
MAT-0150;H21;;;;;
MAT-0150;H22;;;;;
MAT-0150;H23;;;;;
MAT-0150;H24;;;;;
MAT-0150;H25;;;;;
MAT-0150;H27;;;;;
MAT-0150;H28;;;;;
MAT-0150;H29;;;;;
MAT-0150;H30;;;;;
MAT-0150;H31;;;;;
MAT-0260;A26;A;P;1;08:30;10:20
MAT-0260;A26;A;P;4;08:30;10:20
MAT-0260;A26;B;P;1;18:30;20:20
MAT-0260;A26;B;P;4;18:30;20:20
MAT-0260;E26;;;;;
MAT-0260;H26;A;P;1;08:30;10:20
MAT-0260;H26;A;P;4;08:30;10:20
MAT-0260;H26;B;P;1;18:30;20:20
MAT-0260;H26;B;P;4;18:30;20:20
MAT-0260;A20;;;;;
MAT-0260;A21;;;;;
MAT-0260;A22;;;;;
MAT-0260;A23;;;;;
MAT-0260;A24;;;;;
MAT-0260;A27;;;;;
MAT-0260;A28;;;;;
MAT-0260;A29;;;;;
MAT-0260;A30;;;;;
MAT-0260;A31;;;;;
MAT-0260;E21;;;;;
MAT-0260;E22;;;;;
MAT-0260;E23;;;;;
MAT-0260;E24;;;;;
MAT-0260;E25;;;;;
MAT-0260;E27;;;;;
MAT-0260;E28;;;;;
MAT-0260;E29;;;;;
MAT-0260;E30;;;;;
MAT-0260;E31;;;;;
MAT-0260;H21;;;;;
MAT-0260;H22;;;;;
MAT-0260;H23;;;;;
MAT-0260;H24;;;;;
MAT-0260;H25;;;;;
MAT-0260;H27;;;;;
MAT-0260;H28;;;;;
MAT-0260;H29;;;;;
MAT-0260;H30;;;;;
MAT-0260;H31;;;;;
MAT-1900;A26;A;P;1;08:30;10:20
MAT-1900;A26;A;P;3;08:30;10:20
MAT-1900;A26;B;P;3;08:30;10:20
MAT-1900;A26;B;P;5;10:30;11:20
MAT-1900;A26;C;P;3;08:30;10:20
MAT-1900;A26;C;P;5;10:30;11:20
MAT-1900;A26;D;P;2;16:30;18:20
MAT-1900;A26;D;P;4;16:30;17:20
MAT-1900;A26;Z3;D;1;18:30;19:45
MAT-1900;A26;Z3;D;3;18:30;19:45
MAT-1900;E26;Z3;D;1;18:30;20:50
MAT-1900;E26;Z3;D;4;18:30;20:50
MAT-1900;H26;A;P;1;15:30;17:20
MAT-1900;H26;A;P;4;13:30;15:20
MAT-1900;H26;B;P;1;08:30;10:20
MAT-1900;H26;B;P;3;08:30;10:20
MAT-1900;H26;Z3;D;1;18:30;19:45
MAT-1900;H26;Z3;D;3;18:30;19:45
MAT-1900;A20;;;;;
MAT-1900;A21;;;;;
MAT-1900;A22;;;;;
MAT-1900;A23;;;;;
MAT-1900;A24;;;;;
MAT-1900;A25;;;;;
MAT-1900;A27;;;;;
MAT-1900;A28;;;;;
MAT-1900;A29;;;;;
MAT-1900;A30;;;;;
MAT-1900;A31;;;;;
MAT-1900;E21;;;;;
MAT-1900;E22;;;;;
MAT-1900;E23;;;;;
MAT-1900;E24;;;;;
MAT-1900;E25;;;;;
MAT-1900;E27;;;;;
MAT-1900;E28;;;;;
MAT-1900;E29;;;;;
MAT-1900;E30;;;;;
MAT-1900;E31;;;;;
MAT-1900;H21;;;;;
MAT-1900;H22;;;;;
MAT-1900;H23;;;;;
MAT-1900;H24;;;;;
MAT-1900;H25;;;;;
MAT-1900;H27;;;;;
MAT-1900;H28;;;;;
MAT-1900;H29;;;;;
MAT-1900;H30;;;;;
MAT-1900;H31;;;;;
MAT-1910;A26;S;P;1;18:30;20:20
MAT-1910;A26;S;P;4;17:30;18:20
MAT-1910;E26;Z3;D;1;18:30;20:50
MAT-1910;E26;Z3;D;4;18:30;20:50
MAT-1910;H26;A;P;3;15:30;17:20
MAT-1910;H26;A;P;5;08:30;10:20
MAT-1910;H26;B;P;2;13:30;15:20
MAT-1910;H26;B;P;5;08:30;10:20
MAT-1910;H26;C;P;1;15:30;17:20
MAT-1910;H26;C;P;4;16:30;18:20
MAT-1910;H26;Z3;D;1;18:30;20:20
MAT-1910;H26;Z3;D;3;18:30;20:20
MAT-1910;A20;;;;;
MAT-1910;A21;;;;;
MAT-1910;A22;;;;;
MAT-1910;A23;;;;;
MAT-1910;A24;;;;;
MAT-1910;A25;;;;;
MAT-1910;A27;;;;;
MAT-1910;A28;;;;;
MAT-1910;A29;;;;;
MAT-1910;A30;;;;;
MAT-1910;A31;;;;;
MAT-1910;E21;;;;;
MAT-1910;E22;;;;;
MAT-1910;E23;;;;;
MAT-1910;E24;;;;;
MAT-1910;E25;;;;;
MAT-1910;E27;;;;;
MAT-1910;E28;;;;;
MAT-1910;E29;;;;;
MAT-1910;E30;;;;;
MAT-1910;E31;;;;;
MAT-1910;H21;;;;;
MAT-1910;H22;;;;;
MAT-1910;H23;;;;;
MAT-1910;H24;;;;;
MAT-1910;H25;;;;;
MAT-1910;H27;;;;;
MAT-1910;H28;;;;;
MAT-1910;H29;;;;;
MAT-1910;H30;;;;;
MAT-1910;H31;;;;;
MAT-2910;A26;S;P;2;18:30;20:20
MAT-2910;A26;S;P;3;17:30;18:20
MAT-2910;H26;A;P;1;13:30;15:20
MAT-2910;H26;A;P;3;11:30;13:20
MAT-2910;H26;B;P;3;14:30;15:20
MAT-2910;H26;B;P;4;13:30;15:20
MAT-2910;H26;Z3A;D;2;18:30;20:20
MAT-2910;H26;Z3A;D;4;18:30;19:20
MAT-2910;H26;Z3B;D;2;18:30;20:20
MAT-2910;H26;Z3B;D;4;18:30;19:20
MAT-2910;A25;S;P;2;18:30;20:20
MAT-2910;A25;S;P;3;17:30;18:20
MAT-2910;A20;;;;;
MAT-2910;A21;;;;;
MAT-2910;A22;;;;;
MAT-2910;A23;;;;;
MAT-2910;A24;;;;;
MAT-2910;A27;;;;;
MAT-2910;A28;;;;;
MAT-2910;A29;;;;;
MAT-2910;A30;;;;;
MAT-2910;A31;;;;;
MAT-2910;H21;;;;;
MAT-2910;H22;;;;;
MAT-2910;H23;;;;;
MAT-2910;H24;;;;;
MAT-2910;H25;;;;;
MAT-2910;H27;;;;;
MAT-2910;H28;;;;;
MAT-2910;H29;;;;;
MAT-2910;H30;;;;;
MAT-2910;H31;;;;;
MAT-2930;A26;A;P;1;11:30;12:20
MAT-2930;A26;A;P;1;12:30;13:20
MAT-2930;A26;A;P;4;13:30;15:20
MAT-2930;A25;A;P;1;11:30;12:20
MAT-2930;A25;A;P;1;12:30;13:20
MAT-2930;A25;A;P;4;13:30;15:20
MAT-2930;A24;A;P;1;11:30;12:20
MAT-2930;A24;A;P;1;12:30;13:20
MAT-2930;A24;A;P;4;13:30;15:20
MAT-2930;A20;;;;;
MAT-2930;A21;;;;;
MAT-2930;A22;;;;;
MAT-2930;A23;;;;;
MAT-2930;A27;;;;;
MAT-2930;A28;;;;;
MAT-2930;A29;;;;;
MAT-2930;A30;;;;;
MAT-2930;A31;;;;;
MED-1100;A26;;;;;
MED-1100;E26;;;;;
MED-1100;H26;;;;;
MED-1100;A20;;;;;
MED-1100;A21;;;;;
MED-1100;A22;;;;;
MED-1100;A23;;;;;
MED-1100;A24;;;;;
MED-1100;A25;;;;;
MED-1100;A27;;;;;
MED-1100;A28;;;;;
MED-1100;A29;;;;;
MED-1100;A30;;;;;
MED-1100;A31;;;;;
MED-1100;E21;;;;;
MED-1100;E22;;;;;
MED-1100;E23;;;;;
MED-1100;E24;;;;;
MED-1100;E25;;;;;
MED-1100;E27;;;;;
MED-1100;E28;;;;;
MED-1100;E29;;;;;
MED-1100;E30;;;;;
MED-1100;E31;;;;;
MED-1100;H21;;;;;
MED-1100;H22;;;;;
MED-1100;H23;;;;;
MED-1100;H24;;;;;
MED-1100;H25;;;;;
MED-1100;H27;;;;;
MED-1100;H28;;;;;
MED-1100;H29;;;;;
MED-1100;H30;;;;;
MED-1100;H31;;;;;
PHI-2910;A26;A;P;5;12:30;15:20
PHI-2910;E26;;;;;
PHI-2910;H26;A;P;3;10:30;13:20
PHI-2910;H26;B;P;5;12:30;15:20
PHI-2910;A20;;;;;
PHI-2910;A21;;;;;
PHI-2910;A22;;;;;
PHI-2910;A23;;;;;
PHI-2910;A24;;;;;
PHI-2910;A25;;;;;
PHI-2910;A27;;;;;
PHI-2910;A28;;;;;
PHI-2910;A29;;;;;
PHI-2910;A30;;;;;
PHI-2910;A31;;;;;
PHI-2910;E21;;;;;
PHI-2910;E22;;;;;
PHI-2910;E23;;;;;
PHI-2910;E24;;;;;
PHI-2910;E25;;;;;
PHI-2910;E27;;;;;
PHI-2910;E28;;;;;
PHI-2910;E29;;;;;
PHI-2910;E30;;;;;
PHI-2910;E31;;;;;
PHI-2910;H21;;;;;
PHI-2910;H22;;;;;
PHI-2910;H23;;;;;
PHI-2910;H24;;;;;
PHI-2910;H25;;;;;
PHI-2910;H27;;;;;
PHI-2910;H28;;;;;
PHI-2910;H29;;;;;
PHI-2910;H30;;;;;
PHI-2910;H31;;;;;
PHI-3900;A26;ZA;C;2;12:30;15:20
PHI-3900;A26;ZB;C;2;12:30;15:20
PHI-3900;E26;;;;;
PHI-3900;H26;ZA;C;2;12:30;15:20
PHI-3900;A20;;;;;
PHI-3900;A21;;;;;
PHI-3900;A22;;;;;
PHI-3900;A23;;;;;
PHI-3900;A24;;;;;
PHI-3900;A25;;;;;
PHI-3900;A27;;;;;
PHI-3900;A28;;;;;
PHI-3900;A29;;;;;
PHI-3900;A30;;;;;
PHI-3900;A31;;;;;
PHI-3900;E21;;;;;
PHI-3900;E22;;;;;
PHI-3900;E23;;;;;
PHI-3900;E24;;;;;
PHI-3900;E25;;;;;
PHI-3900;E27;;;;;
PHI-3900;E28;;;;;
PHI-3900;E29;;;;;
PHI-3900;E30;;;;;
PHI-3900;E31;;;;;
PHI-3900;H21;;;;;
PHI-3900;H22;;;;;
PHI-3900;H23;;;;;
PHI-3900;H24;;;;;
PHI-3900;H25;;;;;
PHI-3900;H27;;;;;
PHI-3900;H28;;;;;
PHI-3900;H29;;;;;
PHI-3900;H30;;;;;
PHI-3900;H31;;;;;
PHY-0150;A26;A;P;1;15:30;17:20
PHY-0150;A26;A;P;4;15:30;17:20
PHY-0150;A26;B;P;1;18:30;20:20
PHY-0150;A26;B;P;4;18:30;20:20
PHY-0150;H26;A;P;1;15:30;17:20
PHY-0150;H26;A;P;4;15:30;17:20
PHY-0150;A25;A;P;1;15:30;17:20
PHY-0150;A25;A;P;4;15:30;17:20
PHY-0150;A25;B;P;1;18:30;20:20
PHY-0150;A25;B;P;4;18:30;20:20
PHY-0150;A20;;;;;
PHY-0150;A21;;;;;
PHY-0150;A22;;;;;
PHY-0150;A23;;;;;
PHY-0150;A24;;;;;
PHY-0150;A27;;;;;
PHY-0150;A28;;;;;
PHY-0150;A29;;;;;
PHY-0150;A30;;;;;
PHY-0150;A31;;;;;
PHY-0150;H21;;;;;
PHY-0150;H22;;;;;
PHY-0150;H23;;;;;
PHY-0150;H24;;;;;
PHY-0150;H25;;;;;
PHY-0150;H27;;;;;
PHY-0150;H28;;;;;
PHY-0150;H29;;;;;
PHY-0150;H30;;;;;
PHY-0150;H31;;;;;
PHY-0250;A26;A;P;3;12:30;15:20
PHY-0250;H26;A;P;3;12:30;15:20
PHY-0250;A25;A;P;3;12:30;15:20
PHY-0250;A20;;;;;
PHY-0250;A21;;;;;
PHY-0250;A22;;;;;
PHY-0250;A23;;;;;
PHY-0250;A24;;;;;
PHY-0250;A27;;;;;
PHY-0250;A28;;;;;
PHY-0250;A29;;;;;
PHY-0250;A30;;;;;
PHY-0250;A31;;;;;
PHY-0250;H21;;;;;
PHY-0250;H22;;;;;
PHY-0250;H23;;;;;
PHY-0250;H24;;;;;
PHY-0250;H25;;;;;
PHY-0250;H27;;;;;
PHY-0250;H28;;;;;
PHY-0250;H29;;;;;
PHY-0250;H30;;;;;
PHY-0250;H31;;;;;
PHY-2100;H26;A;P;2;12:30;13:20
PHY-2100;H26;A;P;4;10:30;12:20
PHY-2100;H25;A;P;2;12:30;13:20
PHY-2100;H25;A;P;4;10:30;12:20
PHY-2100;H21;;;;;
PHY-2100;H22;;;;;
PHY-2100;H23;;;;;
PHY-2100;H24;;;;;
PHY-2100;H27;;;;;
PHY-2100;H28;;;;;
PHY-2100;H29;;;;;
PHY-2100;H30;;;;;
PHY-2100;H31;;;;;
STT-1900;A26;A;P;3;15:30;17:20
STT-1900;A26;A;P;5;08:30;10:20
STT-1900;A26;Z3;D;3;18:30;20:20
STT-1900;A26;Z3;D;4;18:30;20:20
STT-1900;H26;A;P;4;10:30;12:20
STT-1900;H26;A;P;5;10:30;12:20
STT-1900;H26;Z3;D;3;18:30;20:20
STT-1900;H26;Z3;D;4;18:30;20:20
STT-1900;A25;A;P;3;15:30;17:20
STT-1900;A25;A;P;5;08:30;10:20
STT-1900;A25;Z3;D;3;18:30;20:20
STT-1900;A25;Z3;D;4;18:30;20:20
STT-1900;A20;;;;;
STT-1900;A21;;;;;
STT-1900;A22;;;;;
STT-1900;A23;;;;;
STT-1900;A24;;;;;
STT-1900;A27;;;;;
STT-1900;A28;;;;;
STT-1900;A29;;;;;
STT-1900;A30;;;;;
STT-1900;A31;;;;;
STT-1900;H21;;;;;
STT-1900;H22;;;;;
STT-1900;H23;;;;;
STT-1900;H24;;;;;
STT-1900;H25;;;;;
STT-1900;H27;;;;;
STT-1900;H28;;;;;
STT-1900;H29;;;;;
STT-1900;H30;;;;;
STT-1900;H31;;;;;
